peptide,HLA
AAAAGWQTL,HLA-A*0201
AAAGDKLSL,HLA-A*0201
AAAGFLFCV,HLA-A*0201
AAANIIRTL,HLA-A*0201
AAAWYLWEV,HLA-A*0201
AAGIGILTV,HLA-A*0201
AAGNVNIAI,HLA-A*0201
AAMAAQLQA,HLA-A*0201
AAMASASLV,HLA-A*0201
AAQFNASPV,HLA-A*0201
AASTLLYATV,HLA-A*0201
AAYPITGKL,HLA-A*0201
ACDPHSGHFV,HLA-A*0201
ADLMGYIPLV,HLA-A*0201
AFLGERVTL,HLA-A*0201
AIATFAAPV,HLA-A*0201
AIGEVLVSV,HLA-A*0201
AIIDPLIYA,HLA-A*0201
AIIIAVLLV,HLA-A*0201
AIIRILQQL,HLA-A*0201
AIISGDSPV,HLA-A*0201
AILHTPGCV,HLA-A*0201
AILIRVRNA,HLA-A*0201
AIMDKNIIL,HLA-A*0201
AIMDKNIML,HLA-A*0201
AIMDKNITL,HLA-A*0201
AIMDKTIIL,HLA-A*0201
AIMDKVIIL,HLA-A*0201
AIMEKNIIL,HLA-A*0201
AIMEKNIVL,HLA-A*0201
AINVEKIEL,HLA-A*0201
AITEVECFL,HLA-A*0201
AIVDKNITL,HLA-A*0201
AIVREAIKR,HLA-A*0201
AIYDHINEGV,HLA-A*0201
AIYDHVNEGV,HLA-A*0201
AIYDTMQYV,HLA-A*0201
AIYGAAFSGV,HLA-A*0201
AKKLHFSTA,HLA-A*0201
ALAAATPMVV,HLA-A*0201
ALAADPQSL,HLA-A*0201
ALADLPVTV,HLA-A*0201
ALAEGDLLA,HLA-A*0201
ALAGIGILTV,HLA-A*0201
ALAHGVRAL,HLA-A*0201
ALAIIIAVL,HLA-A*0201
ALAMEVYQA,HLA-A*0201
ALAPAPAEV,HLA-A*0201
ALAVLSVTL,HLA-A*0201
ALAYGIDKV,HLA-A*0201
ALDAQAVEL,HLA-A*0201
ALDEGLLPV,HLA-A*0201
ALDQTDIRV,HLA-A*0201
ALEAFAIAVA,HLA-A*0201
ALEPGPVTA,HLA-A*0201
ALFDIESKV,HLA-A*0201
ALFFFDIDL,HLA-A*0201
ALFFFDIDLL,HLA-A*0201
ALFHEVAKL,HLA-A*0201
ALFSFVTAL,HLA-A*0201
ALGDLFQSI,HLA-A*0201
ALGGGATGV,HLA-A*0201
ALGGLLTMV,HLA-A*0201
ALGIGILTV,HLA-A*0201
ALGLGLLPV,HLA-A*0201
ALHTALATV,HLA-A*0201
ALIDCNPCTL,HLA-A*0201
ALIDVFHQY,HLA-A*0201
ALIHHNTHL,HLA-A*0201
ALIHHNTYL,HLA-A*0201
ALISAFSGS,HLA-A*0201
ALLAFTLGV,HLA-A*0201
ALLALLIYA,HLA-A*0201
ALLALTRAI,HLA-A*0201
ALLDRDCRV,HLA-A*0201
ALLEACLRV,HLA-A*0201
ALLEDPVGT,HLA-A*0201
ALLERGFLL,HLA-A*0201
ALLETLSLLL,HLA-A*0201
ALLGGLRPV,HLA-A*0201
ALLGIPLNV,HLA-A*0201
ALLGLTLGV,HLA-A*0201
ALLKDTVYT,HLA-A*0201
ALLMPAGVPL,HLA-A*0201
ALLNIKVKL,HLA-A*0201
ALLPTALDAL,HLA-A*0201
ALLQVTLLL,HLA-A*0201
ALMGAVTSL,HLA-A*0201
ALMLRLLRI,HLA-A*0201
ALNATDPGA,HLA-A*0201
ALNTLVKQL,HLA-A*0201
ALNTPKDHI,HLA-A*0201
ALPHIIDEV,HLA-A*0201
ALPVYLMTL,HLA-A*0201
ALQAIELQL,HLA-A*0201
ALQVTNHRYL,HLA-A*0201
ALRERRMKV,HLA-A*0201
ALRGMGLNA,HLA-A*0201
ALRNLRVFL,HLA-A*0201
ALSAGVGAV,HLA-A*0201
ALSALLTKL,HLA-A*0201
ALSDHHIYL,HLA-A*0201
ALSEDLLSI,HLA-A*0201
ALSEGVYRI,HLA-A*0201
ALSELPETL,HLA-A*0201
ALSGLAVRL,HLA-A*0201
ALSLAAVLV,HLA-A*0201
ALSLAAVLVV,HLA-A*0201
ALSPVIPHI,HLA-A*0201
ALSPVIPLI,HLA-A*0201
ALSPVLPPM,HLA-A*0201
ALSYTPAEV,HLA-A*0201
ALSYTPVEV,HLA-A*0201
ALTAVAEEV,HLA-A*0201
ALTEMDYFI,HLA-A*0201
ALTPVVVTL,HLA-A*0201
ALVENQFLL,HLA-A*0201
ALVGAIPSI,HLA-A*0201
ALWDVALLEV,HLA-A*0201
ALWGPDPAAA,HLA-A*0201
ALWGPDPAAV,HLA-A*0201
ALWMRLLPL,HLA-A*0201
ALWMRLLPLL,HLA-A*0201
ALYDVVSKL,HLA-A*0201
ALYDVVTKL,HLA-A*0201
ALYEKKLAL,HLA-A*0201
ALYGFVPVL,HLA-A*0201
ALYGSVPVL,HLA-A*0201
ALYNTVATL,HLA-A*0201
ALYVDSLFFL,HLA-A*0201
AMAAQLQAV,HLA-A*0201
AMAGASTSA,HLA-A*0201
AMAGSIDLL,HLA-A*0201
AMAGSLVFL,HLA-A*0201
AMAGSPVFL,HLA-A*0201
AMASASLVT,HLA-A*0201
AMASTEGNV,HLA-A*0201
AMDSNTLEL,HLA-A*0201
AMDTISVFL,HLA-A*0201
AMLDHAGDM,HLA-A*0201
AMLDLLKSV,HLA-A*0201
AMLERQFTV,HLA-A*0201
AMLGHAGDM,HLA-A*0201
AMLGTHTMEV,HLA-A*0201
AMLHWSLIL,HLA-A*0201
AMLVLLAEI,HLA-A*0201
AMPPELNTA,HLA-A*0201
AMQAAELPV,HLA-A*0201
AMSNLVPPV,HLA-A*0201
AMVGAVLTA,HLA-A*0201
APPPQRAAM,HLA-A*0201
AQFNASPVA,HLA-A*0201
AQLLTEFAI,HLA-A*0201
AQLQAVPGA,HLA-A*0201
AQSYLRNFL,HLA-A*0201
AQWGPDPAAA,HLA-A*0201
AQWGPDPAAV,HLA-A*0201
ASKNKEKAL,HLA-A*0201
ASPPSTAAA,HLA-A*0201
ATDALMTGF,HLA-A*0201
ATDALMTGY,HLA-A*0201
ATFAAPVAL,HLA-A*0201
ATWAENIQV,HLA-A*0201
AVAANIVLTV,HLA-A*0201
AVADHVAAV,HLA-A*0201
AVAGAAILV,HLA-A*0201
AVAVVAMAAI,HLA-A*0201
AVFDRKSDAK,HLA-A*0201
AVGIGIAVV,HLA-A*0201
AVGSHVYSV,HLA-A*0201
AVGSYVYSV,HLA-A*0201
AVMEKNIVL,HLA-A*0201
AVMRWGMPL,HLA-A*0201
AVMRWGMPP,HLA-A*0201
AVPEVTDVTL,HLA-A*0201
AVWISLAQV,HLA-A*0201
AWLVAAAEI,HLA-A*0201
CILGTYTQD,HLA-A*0201
CINGCVWTV,HLA-A*0201
CINGVCWSI,HLA-A*0201
CINGVCWSV,HLA-A*0201
CINGVCWTA,HLA-A*0201
CINGVCWTV,HLA-A*0201
CINGVFWTV,HLA-A*0201
CINGVVWTV,HLA-A*0201
CINGVWCTV,HLA-A*0201
CISGVCWTV,HLA-A*0201
CLAGLLTMV,HLA-A*0201
CLALIAWRV,HLA-A*0201
CLDQIPIFTV,HLA-A*0201
CLFKDWEEL,HLA-A*0201
CLGALLTMV,HLA-A*0201
CLGGLATMV,HLA-A*0201
CLGGLITMV,HLA-A*0201
CLGGLLAMV,HLA-A*0201
CLGGLLTMN,HLA-A*0201
CLGGLLTMV,HLA-A*0201
CLGHNHKEV,HLA-A*0201
CLLESVYTA,HLA-A*0201
CLLGTYTQDV,HLA-A*0201
CLLPKMDSV,HLA-A*0201
CLLPKMDSVV,HLA-A*0201
CLLSGTYIFA,HLA-A*0201
CLLWSFQTSA,HLA-A*0201
CLNEYHLFL,HLA-A*0201
CLNGVCWTV,HLA-A*0201
CLPACVYGL,HLA-A*0201
CLTEYILWV,HLA-A*0201
CLWGRLWQL,HLA-A*0201
CMLGTYTQDF,HLA-A*0201
CMWGRLWQL,HLA-A*0201
CQNGACWTS,HLA-A*0201
CQWGRLWQL,HLA-A*0201
CVNGSCFTV,HLA-A*0201
CVNGVCWTV,HLA-A*0201
DGGDGNKTL,HLA-A*0201
DIDEILEKV,HLA-A*0201
DIIEQMKGV,HLA-A*0201
DIYRIFAEL,HLA-A*0201
DLAEWVPRV,HLA-A*0201
DLDEPEQFRL,HLA-A*0201
DLDVKKMPL,HLA-A*0201
DLHPEPTDL,HLA-A*0201
DLIAQPIRLL,HLA-A*0201
DLILELLDL,HLA-A*0201
DLLEEGNTL,HLA-A*0201
DLLLGTLNI,HLA-A*0201
DLLMGTLGIV,HLA-A*0201
DLMGYIPAV,HLA-A*0201
DLMGYIPLV,HLA-A*0201
DLMRRGDLPV,HLA-A*0201
DLPLIIQRL,HLA-A*0201
DLSLRRFMV,HLA-A*0201
DLTSFLLSL,HLA-A*0201
DMWEHAFYL,HLA-A*0201
DMWEHAFYLQ,HLA-A*0201
DNLMWYELS,HLA-A*0201
DQYVKVYLE,HLA-A*0201
DTPLIPLTIF,HLA-A*0201
DVSRPTAVV,HLA-A*0201
EAAGIGILTV,HLA-A*0201
EILGALLSI,HLA-A*0201
ELAAIGILTV,HLA-A*0201
ELAEYLYNI,HLA-A*0201
ELAGIAILTV,HLA-A*0201
ELAGIGALTV,HLA-A*0201
ELAGIGIATV,HLA-A*0201
ELAGIGILAV,HLA-A*0201
ELAGIGILT,HLA-A*0201
ELAGIGILTV,HLA-A*0201
ELAGWGILTV,HLA-A*0201
ELIEANLLW,HLA-A*0201
ELLRPTTLV,HLA-A*0201
ELMTLATWV,HLA-A*0201
ELTARLNSL,HLA-A*0201
ELTEVFEFA,HLA-A*0201
ELVCSMENT,HLA-A*0201
EMLERGLLV,HLA-A*0201
ETFWAKHMW,HLA-A*0201
EVKEKHEFL,HLA-A*0201
FAAAFFPAV,HLA-A*0201
FAFKDLFVV,HLA-A*0201
FAFRDLCIV,HLA-A*0201
FANCNFTLV,HLA-A*0201
FANHDFTLV,HLA-A*0201
FANHKFTLV,HLA-A*0201
FANHNFTLV,HLA-A*0201
FANNEFTLV,HLA-A*0201
FANNKFTLV,HLA-A*0201
FANYKFTLV,HLA-A*0201
FANYNFTLV,HLA-A*0201
FASPADPKV,HLA-A*0201
FATGIGIITV,HLA-A*0201
FAVPNLQSL,HLA-A*0201
FIAGLIAIV,HLA-A*0201
FIDCYLLAI,HLA-A*0201
FIDKFTPPV,HLA-A*0201
FIDQYYSSI,HLA-A*0201
FIDSYICQV,HLA-A*0201
FIFPASKVYL,HLA-A*0201
FIFSILVLA,HLA-A*0201
FIFSYVVAV,HLA-A*0201
FIIENILFI,HLA-A*0201
FILDAVQRV,HLA-A*0201
FILEGILTV,HLA-A*0201
FILPVLGAV,HLA-A*0201
FIMGISILL,HLA-A*0201
FIPENQRTV,HLA-A*0201
FIPQYLSAV,HLA-A*0201
FIRMWNQAAL,HLA-A*0201
FISIFFFLEI,HLA-A*0201
FITGISILL,HLA-A*0201
FIYAGSLSA,HLA-A*0201
FIYLALLEA,HLA-A*0201
FIYQYYSSI,HLA-A*0201
FLADAVVRL,HLA-A*0201
FLADLLHSV,HLA-A*0201
FLALSILVL,HLA-A*0201
FLASKIGRLV,HLA-A*0201
FLASPSVPL,HLA-A*0201
FLCLLIPGL,HLA-A*0201
FLCTADAAV,HLA-A*0201
FLDEFMEAV,HLA-A*0201
FLDEFMEGV,HLA-A*0201
FLDKGTYTL,HLA-A*0201
FLDPASIAA,HLA-A*0201
FLDRALLTL,HLA-A*0201
FLDSEPHLL,HLA-A*0201
FLEEMLRTRV,HLA-A*0201
FLEIYTVTV,HLA-A*0201
FLFAVGFYL,HLA-A*0201
FLFCVMVFA,HLA-A*0201
FLFELIPEP,HLA-A*0201
FLFLRNFSL,HLA-A*0201
FLFMYLVMV,HLA-A*0201
FLFMYLVTV,HLA-A*0201
FLFTFFASI,HLA-A*0201
FLFVEALFQE,HLA-A*0201
FLGAGALAV,HLA-A*0201
FLGDDPSPA,HLA-A*0201
FLGEAWAQV,HLA-A*0201
FLGEGHHRV,HLA-A*0201
FLGERVTLT,HLA-A*0201
FLGGHVAVA,HLA-A*0201
FLGIYTVTV,HLA-A*0201
FLGIYTVTVV,HLA-A*0201
FLGMESCGI,HLA-A*0201
FLGPLLVLQA,HLA-A*0201
FLGPWPAAS,HLA-A*0201
FLHCIVFNV,HLA-A*0201
FLIASVTWL,HLA-A*0201
FLIAYQPLL,HLA-A*0201
FLIEGVLTI,HLA-A*0201
FLIFFDLFLV,HLA-A*0201
FLIVLSVAL,HLA-A*0201
FLIYLDVSV,HLA-A*0201
FLKQQYMNL,HLA-A*0201
FLLALLSCL,HLA-A*0201
FLLCFCVLL,HLA-A*0201
FLLDILGAT,HLA-A*0201
FLLENAAYL,HLA-A*0201
FLLENAAYLD,HLA-A*0201
FLLERILIV,HLA-A*0201
FLLFIFKVA,HLA-A*0201
FLLGLLFFV,HLA-A*0201
FLLGLLVHV,HLA-A*0201
FLLKAEVQKL,HLA-A*0201
FLLKLTPLL,HLA-A*0201
FLLMWSCFG,HLA-A*0201
FLLMWSCFGT,HLA-A*0201
FLLSLFSLWL,HLA-A*0201
FLLSLGIHI,HLA-A*0201
FLLTKILTI,HLA-A*0201
FLLTRILTI,HLA-A*0201
FLLVLESIL,HLA-A*0201
FLMASISSS,HLA-A*0201
FLMEDQTLL,HLA-A*0201
FLMLVGGSTL,HLA-A*0201
FLMPFMHYIV,HLA-A*0201
FLMSSWWPNL,HLA-A*0201
FLNDLLSVL,HLA-A*0201
FLNDLLSVM,HLA-A*0201
FLNISWFYI,HLA-A*0201
FLNQWVTAV,HLA-A*0201
FLNVFFPLL,HLA-A*0201
FLNVLFPLL,HLA-A*0201
FLPADFFPSI,HLA-A*0201
FLPADFFPSV,HLA-A*0201
FLPDLNANA,HLA-A*0201
FLPDLNVNA,HLA-A*0201
FLPNDFFPSA,HLA-A*0201
FLPNDFFPSV,HLA-A*0201
FLPPDFFPSV,HLA-A*0201
FLPSDFFPGV,HLA-A*0201
FLPSDFFPS,HLA-A*0201
FLPSDFFPSA,HLA-A*0201
FLPSDFFPSI,HLA-A*0201
FLPSDFFPSV,HLA-A*0201
FLPSDFLPSV,HLA-A*0201
FLPSDTNMGL,HLA-A*0201
FLPSPLFFFL,HLA-A*0201
FLPVDFFPSI,HLA-A*0201
FLPVDFFPSV,HLA-A*0201
FLQDVMNIL,HLA-A*0201
FLQLLLVTL,HLA-A*0201
FLRGRAYGL,HLA-A*0201
FLSDHLYLV,HLA-A*0201
FLSELQYYL,HLA-A*0201
FLSFASLFL,HLA-A*0201
FLSGAVNRL,HLA-A*0201
FLSHDFTLV,HLA-A*0201
FLSHNFTLV,HLA-A*0201
FLSHNFTLVF,HLA-A*0201
FLSLSLLVI,HLA-A*0201
FLSSANEHL,HLA-A*0201
FLTCTDRSV,HLA-A*0201
FLTDYIPGA,HLA-A*0201
FLTEAIVHSV,HLA-A*0201
FLTEWILPL,HLA-A*0201
FLTGIGIITV,HLA-A*0201
FLTSVINRV,HLA-A*0201
FLTTPVPSL,HLA-A*0201
FLTVFSHFM,HLA-A*0201
FLTVFSPFM,HLA-A*0201
FLTYLDVSV,HLA-A*0201
FLVDAIVRV,HLA-A*0201
FLVDAIVRVA,HLA-A*0201
FLVEQVLFA,HLA-A*0201
FLVGQLFTF,HLA-A*0201
FLVPFVVFL,HLA-A*0201
FLWEDQTLL,HLA-A*0201
FLWGPRAYA,HLA-A*0201
FLWSVFMLI,HLA-A*0201
FLWSVFWLI,HLA-A*0201
FLYALALLL,HLA-A*0201
FLYGALLLA,HLA-A*0201
FLYNLLTRV,HLA-A*0201
FLYNPLTRV,HLA-A*0201
FLYPFLSHL,HLA-A*0201
FMDMAILVES,HLA-A*0201
FMEVFGMLV,HLA-A*0201
FMGDIHQPL,HLA-A*0201
FMGVLVNSL,HLA-A*0201
FMHIWLQAA,HLA-A*0201
FMHNRLQYSL,HLA-A*0201
FMIAFISCFA,HLA-A*0201
FMIGYASAL,HLA-A*0201
FMIGYTSAL,HLA-A*0201
FMIVSISLV,HLA-A*0201
FMLLTQARI,HLA-A*0201
FMLLTQARL,HLA-A*0201
FMLYLLTLM,HLA-A*0201
FMLYLVTLM,HLA-A*0201
FMNKFIYEI,HLA-A*0201
FMPKVNFEV,HLA-A*0201
FMSAYSGVL,HLA-A*0201
FMTALVLSL,HLA-A*0201
FMVFLQTHI,HLA-A*0201
FMYEGDTPL,HLA-A*0201
FMYSDFHFI,HLA-A*0201
FNMLSTVLGV,HLA-A*0201
FPPSPLFFFL,HLA-A*0201
FQANTPPAV,HLA-A*0201
FQGRGVFEL,HLA-A*0201
FQLNQSFEI,HLA-A*0201
FQQLFLNTL,HLA-A*0201
FQVDCFLWHV,HLA-A*0201
FSFPLDFLV,HLA-A*0201
FSSDVLNLV,HLA-A*0201
FTHNEYKFYV,HLA-A*0201
FTLENGLLT,HLA-A*0201
FTLVAPVSI,HLA-A*0201
FTNHFLVEL,HLA-A*0201
FTSAVLLLV,HLA-A*0201
FTWEGLYNV,HLA-A*0201
FTWPPWQAGI,HLA-A*0201
FVANFSMEL,HLA-A*0201
FVAQRTLRV,HLA-A*0201
FVDYNFSLV,HLA-A*0201
FVDYNFTIV,HLA-A*0201
FVFLRNFSL,HLA-A*0201
FVGALSFSI,HLA-A*0201
FVGEFFTDV,HLA-A*0201
FVGSYLVIV,HLA-A*0201
FVIFACNFV,HLA-A*0201
FVLVILARL,HLA-A*0201
FVNHDFTVV,HLA-A*0201
FVNHRFTLV,HLA-A*0201
FVNYDFALV,HLA-A*0201
FVNYDFTIV,HLA-A*0201
FVNYNFTLV,HLA-A*0201
FVSCCGELTV,HLA-A*0201
FVSCDFTIV,HLA-A*0201
FVVPILLKA,HLA-A*0201
FVYVFITHL,HLA-A*0201
FVYVFTTHL,HLA-A*0201
FWLLGAWAL,HLA-A*0201
FWLLPAWAL,HLA-A*0201
FWMSPVFNL,HLA-A*0201
FYTPLADQF,HLA-A*0201
GAAQYIGLV,HLA-A*0201
GAASGPKVV,HLA-A*0201
GAGIGVAVL,HLA-A*0201
GAGIGVLTA,HLA-A*0201
GGNGMLATI,HLA-A*0201
GGPNLDNIL,HLA-A*0201
GIDPNIRTGV,HLA-A*0201
GIEGFVFTL,HLA-A*0201
GIETELATL,HLA-A*0201
GIFEDRAPV,HLA-A*0201
GIIYIIYKL,HLA-A*0201
GILDFGVKL,HLA-A*0201
GILEFVFTL,HLA-A*0201
GILGFIFTL,HLA-A*0201
GILGFVFTL,HLA-A*0201
GILGFVFTLT,HLA-A*0201
GILGFVTTL,HLA-A*0201
GILGFVYTL,HLA-A*0201
GILGLVFTL,HLA-A*0201
GILGVVFTL,HLA-A*0201
GILTVSVAV,HLA-A*0201
GILVLFGFF,HLA-A*0201
GINTIPIAL,HLA-A*0201
GISCQGIIAV,HLA-A*0201
GIVEQCCTSI,HLA-A*0201
GIWGFVFTL,HLA-A*0201
GLAAAVVAV,HLA-A*0201
GLADTVVAC,HLA-A*0201
GLAEDLAAL,HLA-A*0201
GLAGGAATA,HLA-A*0201
GLARLDALV,HLA-A*0201
GLAVVLWSL,HLA-A*0201
GLCPHCINV,HLA-A*0201
GLCPHCINVG,HLA-A*0201
GLCQVFADA,HLA-A*0201
GLCTLVAML,HLA-A*0201
GLDCARLEI,HLA-A*0201
GLDNHTILL,HLA-A*0201
GLEALVPLAV,HLA-A*0201
GLEQQIQEI,HLA-A*0201
GLFFSVYAL,HLA-A*0201
GLFGAIAGFI,HLA-A*0201
GLFGGGGGV,HLA-A*0201
GLFGGLNWI,HLA-A*0201
GLFGKTQVGV,HLA-A*0201
GLFGNLIAL,HLA-A*0201
GLGKGTYGV,HLA-A*0201
GLGNVNGVT,HLA-A*0201
GLGWVGWLL,HLA-A*0201
GLIDIAPHQI,HLA-A*0201
GLIMVLSFL,HLA-A*0201
GLLDEDFYA,HLA-A*0201
GLLDKAVSNV,HLA-A*0201
GLLDQVAAL,HLA-A*0201
GLLGCIITSL,HLA-A*0201
GLLGFVFTL,HLA-A*0201
GLLGNVSTV,HLA-A*0201
GLLHHAPSL,HLA-A*0201
GLLLLGLWGT,HLA-A*0201
GLLPFHSTL,HLA-A*0201
GLLPSLLLLL,HLA-A*0201
GLLSLEEEL,HLA-A*0201
GLLTVCYVL,HLA-A*0201
GLMAIAWFI,HLA-A*0201
GLMEGQIVSV,HLA-A*0201
GLMNNAFEWI,HLA-A*0201
GLMWLSYFV,HLA-A*0201
GLNDYLHSV,HLA-A*0201
GLPRYVARL,HLA-A*0201
GLPVEYLQV,HLA-A*0201
GLQANPVEV,HLA-A*0201
GLQDCTMLV,HLA-A*0201
GLREDLLSL,HLA-A*0201
GLSAMSTTDL,HLA-A*0201
GLSISGNLL,HLA-A*0201
GLSPNLNRFL,HLA-A*0201
GLSPTVWLS,HLA-A*0201
GLSPTVWLSA,HLA-A*0201
GLSPTVWLSV,HLA-A*0201
GLTSFFIAI,HLA-A*0201
GLTVAVAGA,HLA-A*0201
GLVFRFSEV,HLA-A*0201
GLVILLVLAL,HLA-A*0201
GLYDGMEHL,HLA-A*0201
GLYGNGILV,HLA-A*0201
GMFANRWII,HLA-A*0201
GMGPLLAMV,HLA-A*0201
GMGPLLATV,HLA-A*0201
GMGPSLIGL,HLA-A*0201
GMLGFVFTL,HLA-A*0201
GMLICLTVL,HLA-A*0201
GMMRWCMPV,HLA-A*0201
GMNVANHFL,HLA-A*0201
GMSRIGMEV,HLA-A*0201
GMVAPLYGV,HLA-A*0201
GMVTTSTTL,HLA-A*0201
GTLGFVFTL,HLA-A*0201
GTLGIVCPI,HLA-A*0201
GVDPNIRTGV,HLA-A*0201
GVLDAVWRV,HLA-A*0201
GVLGFVFTL,HLA-A*0201
GVLVGVALI,HLA-A*0201
GVRVLEDGV,HLA-A*0201
GVSGVINAL,HLA-A*0201
GVWIRTPPA,HLA-A*0201
GVWIRTPTA,HLA-A*0201
GWVESDAAH,HLA-A*0201
GYTSGTGQG,HLA-A*0201
HIAGSLAVV,HLA-A*0201
HIAKSPFEV,HLA-A*0201
HIVEISTPV,HLA-A*0201
HLCGSHLVEA,HLA-A*0201
HLDDVGFLV,HLA-A*0201
HLGNVKYLV,HLA-A*0201
HLLTSPKPSL,HLA-A*0201
HLMDGDLGL,HLA-A*0201
HLMIDRPYV,HLA-A*0201
HLPVADAVI,HLA-A*0201
HLSLRGLFV,HLA-A*0201
HLSTAFARV,HLA-A*0201
HLVEALYLV,HLA-A*0201
HMWNFISGI,HLA-A*0201
HQLGGVVEV,HLA-A*0201
HSWEDIPYL,HLA-A*0201
IADAALAAL,HLA-A*0201
IAGGVMAVV,HLA-A*0201
IAGIGILAI,HLA-A*0201
IAGNSAYEYV,HLA-A*0201
IAGPGTITL,HLA-A*0201
IANYNFTLV,HLA-A*0201
ICWGNQLFV,HLA-A*0201
IGEDIVLTG,HLA-A*0201
IGEDIVLTL,HLA-A*0201
IGGIGTVPV,HLA-A*0201
IGLITVLFL,HLA-A*0201
IIIEGILFV,HLA-A*0201
IIIPFIAYFV,HLA-A*0201
IILEFFLIV,HLA-A*0201
IILEGILIL,HLA-A*0201
IILEGILLL,HLA-A*0201
IILENFLFF,HLA-A*0201
IILENILLF,HLA-A*0201
IILNGSLLTL,HLA-A*0201
IILVAVPHV,HLA-A*0201
IIMDEAHFL,HLA-A*0201
IITEGIMTL,HLA-A*0201
IIVCNAFIL,HLA-A*0201
IIVEDSLLV,HLA-A*0201
IIWGELFGV,HLA-A*0201
ILAAFLHWL,HLA-A*0201
ILAGYGAGV,HLA-A*0201
ILAKFAHWL,HLA-A*0201
ILAKFLHEL,HLA-A*0201
ILAKFLHRL,HLA-A*0201
ILAKFLHTL,HLA-A*0201
ILAKFLHWL,HLA-A*0201
ILAVDGVLSV,HLA-A*0201
ILDAHSLYL,HLA-A*0201
ILDDNLYKV,HLA-A*0201
ILDEKPVII,HLA-A*0201
ILDKKVEKV,HLA-A*0201
ILDKLNWDL,HLA-A*0201
ILDSFDPLV,HLA-A*0201
ILEDIVLTG,HLA-A*0201
ILEDIVLTL,HLA-A*0201
ILEDRGFNQV,HLA-A*0201
ILEETSVML,HLA-A*0201
ILEYLTAEV,HLA-A*0201
ILGALLSIL,HLA-A*0201
ILGFVFTLTV,HLA-A*0201
ILGGQVVHTV,HLA-A*0201
ILGIFNEFV,HLA-A*0201
ILGKFLHRL,HLA-A*0201
ILGKFLHTL,HLA-A*0201
ILGKFLHWL,HLA-A*0201
ILHTNMPNV,HLA-A*0201
ILIEGIFFA,HLA-A*0201
ILIEGIFFV,HLA-A*0201
ILIEGILFF,HLA-A*0201
ILIEGVFFA,HLA-A*0201
ILIENALMF,HLA-A*0201
ILIERFLLL,HLA-A*0201
ILIERGLTF,HLA-A*0201
ILIERILLA,HLA-A*0201
ILIERSPFL,HLA-A*0201
ILITQVLGL,HLA-A*0201
ILIVGMLVL,HLA-A*0201
ILIVMFPFL,HLA-A*0201
ILIVMVPFL,HLA-A*0201
ILKDFSILL,HLA-A*0201
ILKEPVHGV,HLA-A*0201
ILLARLFLY,HLA-A*0201
ILLDWAANI,HLA-A*0201
ILLDWAANV,HLA-A*0201
ILLEDGMLL,HLA-A*0201
ILLENGYLL,HLA-A*0201
ILLENVLFA,HLA-A*0201
ILLERILIF,HLA-A*0201
ILLGSLSDL,HLA-A*0201
ILLLFLTIFI,HLA-A*0201
ILLLSLNPV,HLA-A*0201
ILLNKHIDA,HLA-A*0201
ILLVAVSFV,HLA-A*0201
ILLWEIPDV,HLA-A*0201
ILMHCQTTL,HLA-A*0201
ILMNDQEVGV,HLA-A*0201
ILMWEAVTL,HLA-A*0201
ILNAMIAKI,HLA-A*0201
ILNAMITKI,HLA-A*0201
ILNDEQLNL,HLA-A*0201
ILNDSGETV,HLA-A*0201
ILNNPKASL,HLA-A*0201
ILNVDIFTL,HLA-A*0201
ILNVDVFTL,HLA-A*0201
ILPDPLKPT,HLA-A*0201
ILPGQDLQYV,HLA-A*0201
ILPSKSLEV,HLA-A*0201
ILQDMRNTI,HLA-A*0201
ILRSFIPLL,HLA-A*0201
ILSAHVATA,HLA-A*0201
ILSDENYLL,HLA-A*0201
ILSLELMKL,HLA-A*0201
ILSPFLPLL,HLA-A*0201
ILSPSAHEL,HLA-A*0201
ILTDIEEKV,HLA-A*0201
ILTGLNYEA,HLA-A*0201
ILTGLNYEV,HLA-A*0201
ILTVILGVL,HLA-A*0201
ILVAGLSGC,HLA-A*0201
ILVENQLFI,HLA-A*0201
ILVENQLLV,HLA-A*0201
ILVERALFT,HLA-A*0201
ILVLASTITI,HLA-A*0201
ILVVSLLLV,HLA-A*0201
ILYGPLTRI,HLA-A*0201
IMAKNEVFCV,HLA-A*0201
IMAVGMVSI,HLA-A*0201
IMDKNIILKA,HLA-A*0201
IMDQVPFSV,HLA-A*0201
IMEDVGWLNV,HLA-A*0201
IMELATAGI,HLA-A*0201
IMGGELPTA,HLA-A*0201
IMIENILFF,HLA-A*0201
IMIGHLVGV,HLA-A*0201
IMIGVLVGV,HLA-A*0201
IMILLVLVSA,HLA-A*0201
IMLEALERV,HLA-A*0201
IMLEGETKL,HLA-A*0201
IMLENGPFL,HLA-A*0201
IMMGVLVGV,HLA-A*0201
IMPGQEAGL,HLA-A*0201
IMSGEVPSM,HLA-A*0201
IMSSFEFQV,HLA-A*0201
IMSSSLFNL,HLA-A*0201
IMVLSFLFL,HLA-A*0201
IMYEGLLFV,HLA-A*0201
IMYNYPAML,HLA-A*0201
IQATVMIIV,HLA-A*0201
IQLENSLFA,HLA-A*0201
ITDQVPFSV,HLA-A*0201
ITIENILLV,HLA-A*0201
ITIERILFI,HLA-A*0201
ITIERILTI,HLA-A*0201
ITIERMLSV,HLA-A*0201
ITLERALFM,HLA-A*0201
ITMGSLFFV,HLA-A*0201
ITNCLLSTA,HLA-A*0201
ITSAIGILPV,HLA-A*0201
ITSAIGVLFV,HLA-A*0201
ITSAIGVLPI,HLA-A*0201
ITSAIGVLPV,HLA-A*0201
ITSGIGVLPV,HLA-A*0201
IVDKNITLKA,HLA-A*0201
IVLEGAMIV,HLA-A*0201
IVLENFFIS,HLA-A*0201
IVLGLIATA,HLA-A*0201
IVSPFIPLL,HLA-A*0201
IVYLCPVLV,HLA-A*0201
KAANIVLTV,HLA-A*0201
KAFLTQLDEL,HLA-A*0201
KAFQDVLYV,HLA-A*0201
KASEKIFYV,HLA-A*0201
KCIDFYSRI,HLA-A*0201
KDLVLLATI,HLA-A*0201
KIADPICTFI,HLA-A*0201
KIDYYIPYV,HLA-A*0201
KIEDLINQL,HLA-A*0201
KIFGSLAFL,HLA-A*0201
KIIKLFFRL,HLA-A*0201
KILSVFFLA,HLA-A*0201
KISEYRHYC,HLA-A*0201
KISEYRHYV,HLA-A*0201
KISHIMLDVA,HLA-A*0201
KISNTTFEV,HLA-A*0201
KITGTATGV,HLA-A*0201
KITSYKFESV,HLA-A*0201
KIVALGINAV,HLA-A*0201
KIYQIGRSV,HLA-A*0201
KLADYLNVL,HLA-A*0201
KLAEAIFKL,HLA-A*0201
KLAGIGILTV,HLA-A*0201
KLAKPLPYT,HLA-A*0201
KLCKVRKITV,HLA-A*0201
KLCTFSFLI,HLA-A*0201
KLEDENPWL,HLA-A*0201
KLEDLERDL,HLA-A*0201
KLEKIEDEL,HLA-A*0201
KLEPMASIL,HLA-A*0201
KLFEFLVHGV,HLA-A*0201
KLFEFLVYGV,HLA-A*0201
KLFPEVIDL,HLA-A*0201
KLFSDISAI,HLA-A*0201
KLGASPLHV,HLA-A*0201
KLGEFYNQM,HLA-A*0201
KLGGYVSFV,HLA-A*0201
KLGPGEEQV,HLA-A*0201
KLIAGVNYI,HLA-A*0201
KLIANNTRV,HLA-A*0201
KLIETYFSK,HLA-A*0201
KLIVTPAAL,HLA-A*0201
KLKKIKNSI,HLA-A*0201
KLKKIKNSL,HLA-A*0201
KLKSLGLNAV,HLA-A*0201
KLLAGDEIV,HLA-A*0201
KLLAGVEIV,HLA-A*0201
KLLALGINAV,HLA-A*0201
KLLEIAPNC,HLA-A*0201
KLLEILAEHV,HLA-A*0201
KLLGLGINAV,HLA-A*0201
KLLGQINLV,HLA-A*0201
KLLPEGYWV,HLA-A*0201
KLLSSGAFSA,HLA-A*0201
KLMNIQQQL,HLA-A*0201
KLMPPDRTAV,HLA-A*0201
KLMQWITQV,HLA-A*0201
KLNDWDFVV,HLA-A*0201
KLNPMLAKA,HLA-A*0201
KLNTITAVV,HLA-A*0201
KLNTITPVV,HLA-A*0201
KLNWDLHTA,HLA-A*0201
KLPDDFMGCV,HLA-A*0201
KLPDLCTEL,HLA-A*0201
KLPLDIDPV,HLA-A*0201
KLPLDINPV,HLA-A*0201
KLPQLCTEV,HLA-A*0201
KLQCVDLHV,HLA-A*0201
KLQEQQSDL,HLA-A*0201
KLQQKEEQL,HLA-A*0201
KLQVFLIVL,HLA-A*0201
KLRKPKHKKL,HLA-A*0201
KLSALGINAV,HLA-A*0201
KLSDYEGRL,HLA-A*0201
KLSEGDLLA,HLA-A*0201
KLSELHAYI,HLA-A*0201
KLSELHTYI,HLA-A*0201
KLSGLGINAI,HLA-A*0201
KLSGLGINAV,HLA-A*0201
KLSGLGLNAV,HLA-A*0201
KLSHQLVLL,HLA-A*0201
KLSHQPVLL,HLA-A*0201
KLSREIMPV,HLA-A*0201
KLSSLGLNAV,HLA-A*0201
KLSSLGLNSV,HLA-A*0201
KLTALGINAV,HLA-A*0201
KLTDWDFVV,HLA-A*0201
KLTFLDVEV,HLA-A*0201
KLTNTGLYNL,HLA-A*0201
KLTPLCVSL,HLA-A*0201
KLTPLCVTL,HLA-A*0201
KLTQINFNM,HLA-A*0201
KLVAAGINAV,HLA-A*0201
KLVACGINAV,HLA-A*0201
KLVADGINAV,HLA-A*0201
KLVAEGINAV,HLA-A*0201
KLVAFGINAV,HLA-A*0201
KLVAGGINAV,HLA-A*0201
KLVAHGINAV,HLA-A*0201
KLVAIGINAV,HLA-A*0201
KLVAKGINAV,HLA-A*0201
KLVALGINAV,HLA-A*0201
KLVALGINNV,HLA-A*0201
KLVALGLNAV,HLA-A*0201
KLVALGNNAV,HLA-A*0201
KLVALGVNAV,HLA-A*0201
KLVAMGINAV,HLA-A*0201
KLVANGINAV,HLA-A*0201
KLVANNTRL,HLA-A*0201
KLVAPGINAV,HLA-A*0201
KLVAQGINAV,HLA-A*0201
KLVARGINAV,HLA-A*0201
KLVASGINAV,HLA-A*0201
KLVATGINAV,HLA-A*0201
KLVAVGINAV,HLA-A*0201
KLVAWGINAV,HLA-A*0201
KLVAYGINAV,HLA-A*0201
KLVCSPAPC,HLA-A*0201
KLVGKTVKV,HLA-A*0201
KLVMSQANV,HLA-A*0201
KLVRELFRV,HLA-A*0201
KLVSLGVNAV,HLA-A*0201
KLVTLGINAV,HLA-A*0201
KLVVLGINAV,HLA-A*0201
KLWASPLHV,HLA-A*0201
KLWCRHFCV,HLA-A*0201
KLWESPQEI,HLA-A*0201
KLYCSYEVA,HLA-A*0201
KLYQNPTTYI,HLA-A*0201
KMAAFPETL,HLA-A*0201
KMDQLAKEL,HLA-A*0201
KMLKEMGEV,HLA-A*0201
KMMYMCYRNI,HLA-A*0201
KMVAVFYNT,HLA-A*0201
KMVAVFYTT,HLA-A*0201
KMYAFTLES,HLA-A*0201
KMYAFTLESV,HLA-A*0201
KNKEKALII,HLA-A*0201
KQLAAVARV,HLA-A*0201
KQMWQARLTV,HLA-A*0201
KSLFNTIATL,HLA-A*0201
KSLFNTIAVL,HLA-A*0201
KSLFNTVATL,HLA-A*0201
KSLFNTVAVL,HLA-A*0201
KSLNYSGVK,HLA-A*0201
KSLYNTIATL,HLA-A*0201
KSLYNTIAVL,HLA-A*0201
KSLYNTVATL,HLA-A*0201
KSLYNTVAVL,HLA-A*0201
KTVDLILEL,HLA-A*0201
KTWADEYLCV,HLA-A*0201
KTWGQYWQV,HLA-A*0201
KVAEIVHFL,HLA-A*0201
KVAELVHFL,HLA-A*0201
KVAELVWFL,HLA-A*0201
KVDDTFYYV,HLA-A*0201
KVLEYVIKV,HLA-A*0201
KVLGLWATV,HLA-A*0201
KVLHKRTLGL,HLA-A*0201
KVLIRCYLC,HLA-A*0201
KVVSLVILA,HLA-A*0201
KYQEFFWDA,HLA-A*0201
LAAPPPQRA,HLA-A*0201
LAESIRPLV,HLA-A*0201
LAGIGLIAA,HLA-A*0201
LAIAAMASA,HLA-A*0201
LALLLLDRL,HLA-A*0201
LALPMPATA,HLA-A*0201
LAVDGVLSV,HLA-A*0201
LCGSHLVEAL,HLA-A*0201
LEATYASTL,HLA-A*0201
LFAAFPSFA,HLA-A*0201
LFLNTLSFV,HLA-A*0201
LGGLGLFFA,HLA-A*0201
LGVIGLVAL,HLA-A*0201
LGYGFVNYI,HLA-A*0201
LGYGFVNYV,HLA-A*0201
LIASNVAGV,HLA-A*0201
LIDQYLYYL,HLA-A*0201
LIEDFDIYV,HLA-A*0201
LIEERSPLI,HLA-A*0201
LIEKPVAPSV,HLA-A*0201
LIFLARSAL,HLA-A*0201
LIFLLLLPSV,HLA-A*0201
LIFNMLYWI,HLA-A*0201
LIIEGMLTF,HLA-A*0201
LIIENAPLI,HLA-A*0201
LIIENLLIV,HLA-A*0201
LIIENQLFF,HLA-A*0201
LIIEWIFFL,HLA-A*0201
LIIEWYLIM,HLA-A*0201
LIIPCIHLI,HLA-A*0201
LIIPFIHLI,HLA-A*0201
LILATMLVA,HLA-A*0201
LILDPKINV,HLA-A*0201
LILENALIA,HLA-A*0201
LILENYMFA,HLA-A*0201
LILERALLL,HLA-A*0201
LILERSPTA,HLA-A*0201
LILQGVLTM,HLA-A*0201
LITEGALMV,HLA-A*0201
LITGRLQSL,HLA-A*0201
LITNYLPSV,HLA-A*0201
LIVDAVLQL,HLA-A*0201
LIVEGILLT,HLA-A*0201
LIVENAPIL,HLA-A*0201
LIVERWLLA,HLA-A*0201
LIWTGMIDL,HLA-A*0201
LLAALVQDYL,HLA-A*0201
LLAAVAALL,HLA-A*0201
LLAGIGTVPI,HLA-A*0201
LLAGTLAGV,HLA-A*0201
LLAGTLAVV,HLA-A*0201
LLAIKVPNV,HLA-A*0201
LLAILPYYV,HLA-A*0201
LLAILTYYV,HLA-A*0201
LLALAAGLAV,HLA-A*0201
LLALLSCLTV,HLA-A*0201
LLAMKVPNV,HLA-A*0201
LLAMTVPNV,HLA-A*0201
LLANGNVYA,HLA-A*0201
LLAPGPLFV,HLA-A*0201
LLATTVSGL,HLA-A*0201
LLAVAVYAV,HLA-A*0201
LLAVLTAAPL,HLA-A*0201
LLCAGQVTAL,HLA-A*0201
LLCGNLLIL,HLA-A*0201
LLCLIFLLV,HLA-A*0201
LLCPAGHAV,HLA-A*0201
LLCPKSIPGL,HLA-A*0201
LLDAHIPQL,HLA-A*0201
LLDEGKQSL,HLA-A*0201
LLDEKGPEV,HLA-A*0201
LLDFVRFMGV,HLA-A*0201
LLDFVRFMGY,HLA-A*0201
LLDFVRMGV,HLA-A*0201
LLDKAVSNVI,HLA-A*0201
LLDQLIEEV,HLA-A*0201
LLDSSTTRV,HLA-A*0201
LLDVAPLSL,HLA-A*0201
LLDVPTAAV,HLA-A*0201
LLDYQGMLPV,HLA-A*0201
LLEENSPML,HLA-A*0201
LLFAAFSSA,HLA-A*0201
LLFALHFSA,HLA-A*0201
LLFALYFSA,HLA-A*0201
LLFEEYTNI,HLA-A*0201
LLFGFPVYV,HLA-A*0201
LLFGHPVYV,HLA-A*0201
LLFGLALIEV,HLA-A*0201
LLFGMPPCL,HLA-A*0201
LLFGMTPCL,HLA-A*0201
LLFGYPRYV,HLA-A*0201
LLFGYPVFV,HLA-A*0201
LLFGYPVYV,HLA-A*0201
LLFLTIFIYA,HLA-A*0201
LLFNILGGWV,HLA-A*0201
LLGATCMFV,HLA-A*0201
LLGCIITSL,HLA-A*0201
LLGCPVPLGV,HLA-A*0201
LLGLWGLTGL,HLA-A*0201
LLGLWGTAAL,HLA-A*0201
LLGLWVFAAL,HLA-A*0201
LLGRNSFEV,HLA-A*0201
LLHDRQHSI,HLA-A*0201
LLHGFSFHL,HLA-A*0201
LLHGFSFYL,HLA-A*0201
LLHTDFEQV,HLA-A*0201
LLHTDFEQVM,HLA-A*0201
LLIADNPQL,HLA-A*0201
LLIASVTWL,HLA-A*0201
LLIDLTSFL,HLA-A*0201
LLIDLTSFLL,HLA-A*0201
LLIEGGLFL,HLA-A*0201
LLIEGIFFI,HLA-A*0201
LLIENAMFI,HLA-A*0201
LLIENFVTG,HLA-A*0201
LLIERFLFL,HLA-A*0201
LLIERGLLA,HLA-A*0201
LLIERYLLV,HLA-A*0201
LLIGGFAGL,HLA-A*0201
LLIIGGLLF,HLA-A*0201
LLIKGGVEV,HLA-A*0201
LLIKKLPRV,HLA-A*0201
LLILCVTQV,HLA-A*0201
LLLAEPFPV,HLA-A*0201
LLLAVAVYA,HLA-A*0201
LLLDVPTAAV,HLA-A*0201
LLLEGALLA,HLA-A*0201
LLLEGGILF,HLA-A*0201
LLLENALTV,HLA-A*0201
LLLEQALLV,HLA-A*0201
LLLERMFLF,HLA-A*0201
LLLERYFLA,HLA-A*0201
LLLFLTIFI,HLA-A*0201
LLLGLWGTAA,HLA-A*0201
LLLGTLNIV,HLA-A*0201
LLLHCPSKTV,HLA-A*0201
LLLHSLTPL,HLA-A*0201
LLLIWFRPV,HLA-A*0201
LLLLDVAPL,HLA-A*0201
LLLLGLWGL,HLA-A*0201
LLLLLPPRV,HLA-A*0201
LLLNMLIAL,HLA-A*0201
LLLNMLIVL,HLA-A*0201
LLLPALAGA,HLA-A*0201
LLLRSPAGV,HLA-A*0201
LLLSAEPVPA,HLA-A*0201
LLLVAHYAI,HLA-A*0201
LLLVSLWGL,HLA-A*0201
LLMDCSGSI,HLA-A*0201
LLMEGVPKSL,HLA-A*0201
LLMGTLGIV,HLA-A*0201
LLMPAGVPL,HLA-A*0201
LLMPAGVPLT,HLA-A*0201
LLMPTISLI,HLA-A*0201
LLMWEAVTV,HLA-A*0201
LLNATDIAV,HLA-A*0201
LLNGWRWRL,HLA-A*0201
LLNNYDVLV,HLA-A*0201
LLNYILKSV,HLA-A*0201
LLPAPLVSV,HLA-A*0201
LLPPELSET,HLA-A*0201
LLPPLLEHL,HLA-A*0201
LLPRRGPRL,HLA-A*0201
LLQDSVDFSL,HLA-A*0201
LLQEEEEEL,HLA-A*0201
LLQEYNWEL,HLA-A*0201
LLRAESLPGA,HLA-A*0201
LLSAVLPSV,HLA-A*0201
LLSIISFPA,HLA-A*0201
LLSILCIWV,HLA-A*0201
LLSLFSLWL,HLA-A*0201
LLSSGAFSA,HLA-A*0201
LLSTAALPV,HLA-A*0201
LLSVLAAVGL,HLA-A*0201
LLTEDYYLA,HLA-A*0201
LLTTLSNRV,HLA-A*0201
LLTTSGVSA,HLA-A*0201
LLVALAIGCV,HLA-A*0201
LLVCGQLLA,HLA-A*0201
LLVDLAEEL,HLA-A*0201
LLVDLLWLL,HLA-A*0201
LLVEDLLVL,HLA-A*0201
LLVEDMLLM,HLA-A*0201
LLVEDQLLV,HLA-A*0201
LLVEGALTG,HLA-A*0201
LLVEGAMTV,HLA-A*0201
LLVEGILLV,HLA-A*0201
LLVEGMLIS,HLA-A*0201
LLVEGSPTA,HLA-A*0201
LLVENIPLF,HLA-A*0201
LLVENWPLL,HLA-A*0201
LLVERASLM,HLA-A*0201
LLVERQLVL,HLA-A*0201
LLVISGLFPV,HLA-A*0201
LLVQRAPLL,HLA-A*0201
LLVSEIDWL,HLA-A*0201
LLWAARPRL,HLA-A*0201
LLWFHISCL,HLA-A*0201
LLWGRQLFA,HLA-A*0201
LLWNGPIAV,HLA-A*0201
LLWNGPMAV,HLA-A*0201
LLWNGPMHV,HLA-A*0201
LLWNGPMQV,HLA-A*0201
LLWNTVWNM,HLA-A*0201
LLWSYAMGV,HLA-A*0201
LLWTLVVLL,HLA-A*0201
LLYANSAHAL,HLA-A*0201
LLYDGSFAV,HLA-A*0201
LLYENGVLV,HLA-A*0201
LLYGFVNYI,HLA-A*0201
LLYGFVNYV,HLA-A*0201
LLYGYPVYV,HLA-A*0201
LLYLITNYL,HLA-A*0201
LLYNCCYHV,HLA-A*0201
LLYSDDALHL,HLA-A*0201
LMASISSFL,HLA-A*0201
LMASSPTSI,HLA-A*0201
LMFDRGMSLL,HLA-A*0201
LMFWASSSI,HLA-A*0201
LMGDKSENV,HLA-A*0201
LMGLGKGWPL,HLA-A*0201
LMHAPAFET,HLA-A*0201
LMIERGLLA,HLA-A*0201
LMIGTAAAV,HLA-A*0201
LMIIPLINV,HLA-A*0201
LMLENLLTF,HLA-A*0201
LMLERALLF,HLA-A*0201
LMLERALLV,HLA-A*0201
LMLERGFII,HLA-A*0201
LMLGEFLKL,HLA-A*0201
LMLIWYRPV,HLA-A*0201
LMLWASSSI,HLA-A*0201
LMMPFSIVYI,HLA-A*0201
LMNGQQIFL,HLA-A*0201
LMNNAFEWI,HLA-A*0201
LMNNAFEWIV,HLA-A*0201
LMTNGPLEV,HLA-A*0201
LMVENVPFA,HLA-A*0201
LMVERGYTF,HLA-A*0201
LMVLHSPSL,HLA-A*0201
LMVPHSPSL,HLA-A*0201
LMWDNVGLV,HLA-A*0201
LMWYELSKI,HLA-A*0201
LMWYELSKIN,HLA-A*0201
LNIDLLWSV,HLA-A*0201
LPLKMLNIP,HLA-A*0201
LQDIEITCV,HLA-A*0201
LQIEEEYQV,HLA-A*0201
LQIERAPPA,HLA-A*0201
LQLCCLATA,HLA-A*0201
LQLEGQLLL,HLA-A*0201
LQLPQGTTL,HLA-A*0201
LQPPDPVGL,HLA-A*0201
LQTGIHVRV,HLA-A*0201
LQTTIHDII,HLA-A*0201
LQVEGAMSV,HLA-A*0201
LQVENFLAA,HLA-A*0201
LQVENYLPI,HLA-A*0201
LQVIRILLA,HLA-A*0201
LTDGNPPEV,HLA-A*0201
LTLEQILTV,HLA-A*0201
LTLLGTLWGA,HLA-A*0201
LTSAIGVLPV,HLA-A*0201
LTVEGIFRV,HLA-A*0201
LVALLACLTV,HLA-A*0201
LVALLVCLTV,HLA-A*0201
LVFPLVMGV,HLA-A*0201
LVGPTPVNI,HLA-A*0201
LVIGMPPPV,HLA-A*0201
LVISGLFPV,HLA-A*0201
LVLEDILLA,HLA-A*0201
LVLERFPLL,HLA-A*0201
LVLILYLCV,HLA-A*0201
LVLPILITI,HLA-A*0201
LVLPLVMGV,HLA-A*0201
LVLYGGLLM,HLA-A*0201
LVMAQLLRI,HLA-A*0201
LVMPFSIVYI,HLA-A*0201
LVVADLSFI,HLA-A*0201
LVVEGSLFV,HLA-A*0201
LVVEQSLTF,HLA-A*0201
LVVTAIVYV,HLA-A*0201
LYPSLIFDI,HLA-A*0201
MASASLVTV,HLA-A*0201
MCQWGRLWQL,HLA-A*0201
MGLPGVATV,HLA-A*0201
MGNGCLRIV,HLA-A*0201
MIIEGFLLI,HLA-A*0201
MIISHLSLI,HLA-A*0201
MIISHLYLI,HLA-A*0201
MIKPCCERV,HLA-A*0201
MILIEGIFFV,HLA-A*0201
MIMQGGFSV,HLA-A*0201
MINAYLDKL,HLA-A*0201
MINPLVITT,HLA-A*0201
MIVEGFLLL,HLA-A*0201
MIVENVPLL,HLA-A*0201
MLAAQMFIV,HLA-A*0201
MLDLQPETT,HLA-A*0201
MLGERLFPL,HLA-A*0201
MLGGEVFYV,HLA-A*0201
MLGHAGDMA,HLA-A*0201
MLIEGVLTV,HLA-A*0201
MLIERVMST,HLA-A*0201
MLIGEVFNI,HLA-A*0201
MLIGIPVYV,HLA-A*0201
MLLAVLYCL,HLA-A*0201
MLLDKNIPI,HLA-A*0201
MLLEGMMIV,HLA-A*0201
MLLENGLLA,HLA-A*0201
MLLKHDVSL,HLA-A*0201
MLLKQDVSL,HLA-A*0201
MLLSVPLLLG,HLA-A*0201
MLLWTAVAV,HLA-A*0201
MLMIIIVIAI,HLA-A*0201
MLMIVLLVFA,HLA-A*0201
MLMLAVIVA,HLA-A*0201
MLMPVHFLL,HLA-A*0201
MLNIPSINV,HLA-A*0201
MLPGEVFAI,HLA-A*0201
MLQTNSLAL,HLA-A*0201
MLRDRWSLV,HLA-A*0201
MLSILALVRV,HLA-A*0201
MLTERQLLI,HLA-A*0201
MLTTLILTL,HLA-A*0201
MLVCGDDLV,HLA-A*0201
MLVEEGLLV,HLA-A*0201
MLVEGALLL,HLA-A*0201
MLVEGVLLA,HLA-A*0201
MLVENQLLV,HLA-A*0201
MLVERWLFF,HLA-A*0201
MLVERYLLA,HLA-A*0201
MLVEWALVA,HLA-A*0201
MLVGGSTLCV,HLA-A*0201
MLVQSCTSI,HLA-A*0201
MLWGYLQYV,HLA-A*0201
MLWYTVYNI,HLA-A*0201
MLYENWLLS,HLA-A*0201
MLYQHLLPL,HLA-A*0201
MMARDTAEA,HLA-A*0201
MMATIGIALL,HLA-A*0201
MMFGFHHSV,HLA-A*0201
MMIEEYPYV,HLA-A*0201
MMLRDRWSL,HLA-A*0201
MMLVPLITV,HLA-A*0201
MMMNWSPTT,HLA-A*0201
MMPFSIVYI,HLA-A*0201
MMPFSIVYIV,HLA-A*0201
MMWDAGLGMM,HLA-A*0201
MMWDRGAGMM,HLA-A*0201
MMWDRGLGAM,HLA-A*0201
MMWDRGLGM,HLA-A*0201
MMWDRGLGMM,HLA-A*0201
MMWDRGMGLL,HLA-A*0201
MMYKDILLL,HLA-A*0201
MPGEATETV,HLA-A*0201
MPNNPNRNV,HLA-A*0201
MQLENGLLL,HLA-A*0201
MQLMPFGCLL,HLA-A*0201
MQLMPFGSLL,HLA-A*0201
MQVEWILTF,HLA-A*0201
MSLTVGAGV,HLA-A*0201
MTIIFLILM,HLA-A*0201
MTSAIGILPV,HLA-A*0201
MTSAIGVLPV,HLA-A*0201
MTYAAPLFV,HLA-A*0201
MVIERVLAL,HLA-A*0201
MVIERYLFL,HLA-A*0201
MVIGIPVYV,HLA-A*0201
MVLALITFL,HLA-A*0201
MVLNAMAWL,HLA-A*0201
MVMELIRMI,HLA-A*0201
MVWESGCTV,HLA-A*0201
MVWGPDPLYV,HLA-A*0201
MWYELSKIN,HLA-A*0201
NAPPPPVIA,HLA-A*0201
NDFCCVATV,HLA-A*0201
NEGCGWAGW,HLA-A*0201
NGIALSLGG,HLA-A*0201
NGIALSLGL,HLA-A*0201
NGVRVLATA,HLA-A*0201
NILMWEAVTL,HLA-A*0201
NIQTAINQV,HLA-A*0201
NIVCPLCTL,HLA-A*0201
NLAQDLATV,HLA-A*0201
NLAQTDLATV,HLA-A*0201
NLATYMNSI,HLA-A*0201
NLFDIPLLTV,HLA-A*0201
NLFNRYLAL,HLA-A*0201
NLFNRYPAL,HLA-A*0201
NLFSQDISV,HLA-A*0201
NLIALSLGG,HLA-A*0201
NLIALSLGL,HLA-A*0201
NLIKLAQKV,HLA-A*0201
NLLDSLEQYI,HLA-A*0201
NLLEREFGA,HLA-A*0201
NLLIRCLRC,HLA-A*0201
NLLMWEAVTV,HLA-A*0201
NLLTTPKFT,HLA-A*0201
NLLVTGFDT,HLA-A*0201
NLMDGDLGL,HLA-A*0201
NLMWYELSK,HLA-A*0201
NLMWYELSKI,HLA-A*0201
NLNCCSVPV,HLA-A*0201
NLNESLIDL,HLA-A*0201
NLNRCSVPV,HLA-A*0201
NLPGCSFSI,HLA-A*0201
NLSALGIFST,HLA-A*0201
NLSNLGILPV,HLA-A*0201
NLSNLGILV,HLA-A*0201
NLVAMVATV,HLA-A*0201
NLVGMVATV,HLA-A*0201
NLVPIVATV,HLA-A*0201
NLVPMVASV,HLA-A*0201
NLVPMVATV,HLA-A*0201
NLVPMVAT-,HLA-A*0201
NLVPQVATV,HLA-A*0201
NLVPTVATV,HLA-A*0201
NLVPVVATV,HLA-A*0201
NMGGLGIMPV,HLA-A*0201
NMLSTVLGV,HLA-A*0201
NMPNDPNRNV,HLA-A*0201
NVMPVLDQSV,HLA-A*0201
N-VPMVATV,HLA-A*0201
PESSQRPPL,HLA-A*0201
PLFGYPVYV,HLA-A*0201
PLFQVPEPV,HLA-A*0201
PLLIPTSKL,HLA-A*0201
PLPLTQPGE,HLA-A*0201
PLSPATRRL,HLA-A*0201
PLTQHYQIL,HLA-A*0201
PNAPPPPVI,HLA-A*0201
PRVTGGGAM,HLA-A*0201
PTGRSICPS,HLA-A*0201
PTLDKVLEL,HLA-A*0201
PTLDKVLEV,HLA-A*0201
PVVSTHEQI,HLA-A*0201
PYLFWLAAI,HLA-A*0201
QAMEDLVRA,HLA-A*0201
QARLTVSGLA,HLA-A*0201
QIFLEVQAI,HLA-A*0201
QIGGLVGGSV,HLA-A*0201
QILKGGSGT,HLA-A*0201
QIVENFLLV,HLA-A*0201
QLARQQVHV,HLA-A*0201
QLCDVMFYL,HLA-A*0201
QLDPARDVL,HLA-A*0201
QLFNHTMFI,HLA-A*0201
QLFPGLAAL,HLA-A*0201
QLGAFLTNV,HLA-A*0201
QLGPTCLSSL,HLA-A*0201
QLIEGMLIA,HLA-A*0201
QLIMPGQEA,HLA-A*0201
QLIPCMDVVL,HLA-A*0201
QLLDGFMITL,HLA-A*0201
QLLDQVEQI,HLA-A*0201
QLLKLNVPA,HLA-A*0201
QLLNSVLTL,HLA-A*0201
QLLQHYREV,HLA-A*0201
QLLSSSKYT,HLA-A*0201
QLLVSLWGL,HLA-A*0201
QLNKKIYQI,HLA-A*0201
QLPPAATQTL,HLA-A*0201
QLRRHIDLLV,HLA-A*0201
QLRSLGLNAV,HLA-A*0201
QLRTLGLNAV,HLA-A*0201
QLSGLGINAV,HLA-A*0201
QLSLLMWIT,HLA-A*0201
QLSSLGLNAV,HLA-A*0201
QLSTRGVQI,HLA-A*0201
QLTSLGLNAV,HLA-A*0201
QLVDFLCGL,HLA-A*0201
QLVQSGAEV,HLA-A*0201
QLYNKPLCDV,HLA-A*0201
QMAMIKLGAL,HLA-A*0201
QMDYSNGLFV,HLA-A*0201
QMIYSAARV,HLA-A*0201
QMMRNEFRV,HLA-A*0201
QMWKCLIRL,HLA-A*0201
QMWQARLTV,HLA-A*0201
QQDEQQQQDE,HLA-A*0201
QQIFLEVQA,HLA-A*0201
QQYNKPLCDL,HLA-A*0201
QTSAIGILPV,HLA-A*0201
QTSAIGVLPV,HLA-A*0201
QVFPGLLERV,HLA-A*0201
QVILCPTSV,HLA-A*0201
QYDPVAALF,HLA-A*0201
RALAETSYV,HLA-A*0201
RDNLMWYEL,HLA-A*0201
RDVPMLITT,HLA-A*0201
REANLSHYV,HLA-A*0201
RFIAQLLLL,HLA-A*0201
RGPGRAFVTI,HLA-A*0201
RGTPMVITV,HLA-A*0201
RIIYIIRFL,HLA-A*0201
RILGVLVHL,HLA-A*0201
RINAILATA,HLA-A*0201
RLAAGSPSS,HLA-A*0201
RLAGFLAGL,HLA-A*0201
RLARLALVL,HLA-A*0201
RLDALVVAA,HLA-A*0201
RLDQKLYAS,HLA-A*0201
RLERKWLDV,HLA-A*0201
RLFGEAPREL,HLA-A*0201
RLGAVILFV,HLA-A*0201
RLGPVQNEI,HLA-A*0201
RLGPVQNEV,HLA-A*0201
RLGPYLEFL,HLA-A*0201
RLHDLVFPL,HLA-A*0201
RLHDLVLPL,HLA-A*0201
RLIGHISTL,HLA-A*0201
RLIKHYPGI,HLA-A*0201
RLIQNSITI,HLA-A*0201
RLITVNPIV,HLA-A*0201
RLLDLAQEGL,HLA-A*0201
RLLGFADTV,HLA-A*0201
RLLIKKLPRV,HLA-A*0201
RLLLLGLLLL,HLA-A*0201
RLLPLLALL,HLA-A*0201
RLLPSLLLLL,HLA-A*0201
RLLQTGIHV,HLA-A*0201
RLLSPTTIV,HLA-A*0201
RLMDSSIYS,HLA-A*0201
RLMKHYPGI,HLA-A*0201
RLMRTNFLI,HLA-A*0201
RLMVAVEEA,HLA-A*0201
RLNELLAYV,HLA-A*0201
RLNEVAKNL,HLA-A*0201
RLNTVLATA,HLA-A*0201
RLPLVLPAV,HLA-A*0201
RLPRYLACL,HLA-A*0201
RLQGISPKI,HLA-A*0201
RLSDFSEQL,HLA-A*0201
RLSLTALSA,HLA-A*0201
RLTGYPAGI,HLA-A*0201
RLVPYLEFL,HLA-A*0201
RLWEPLRVV,HLA-A*0201
RLWHYPCTI,HLA-A*0201
RLYKTLGQL,HLA-A*0201
RLYQNPTTYI,HLA-A*0201
RMAAISNTV,HLA-A*0201
RMFPNAPYL,HLA-A*0201
RMLGDVMAV,HLA-A*0201
RMLMIVLLV,HLA-A*0201
RMLPHAPGV,HLA-A*0201
RMMEYGTTMV,HLA-A*0201
RMSKGVFKV,HLA-A*0201
RMTENIVEV,HLA-A*0201
RMWDFDIFL,HLA-A*0201
RQFGPDFPTI,HLA-A*0201
RQFGPDWIVA,HLA-A*0201
RQWGPDPAAV,HLA-A*0201
RQYDPVAAL,HLA-A*0201
RSLFNTIATL,HLA-A*0201
RSLFNTIAVL,HLA-A*0201
RSLFNTVATL,HLA-A*0201
RSLFNTVAVL,HLA-A*0201
RSLYNTIATL,HLA-A*0201
RSLYNTIAVL,HLA-A*0201
RSLYNTVATL,HLA-A*0201
RSLYNTVAVL,HLA-A*0201
RTAWWVWCV,HLA-A*0201
RTLDKVLEV,HLA-A*0201
RTLEDLLMGT,HLA-A*0201
RTLEDLLMGV,HLA-A*0201
RVIGMPPPV,HLA-A*0201
RVLEDGVNYA,HLA-A*0201
RVLTGWGLN,HLA-A*0201
RVNRLIIWV,HLA-A*0201
RVPGVAPTL,HLA-A*0201
RVTGGVFLV,HLA-A*0201
SAPLPSNRV,HLA-A*0201
SASLVTVAV,HLA-A*0201
SDNEIHNPAV,HLA-A*0201
SFHSLHLLF,HLA-A*0201
SGDGLVATG,HLA-A*0201
SHLVEALYLV,HLA-A*0201
SIDCYLLAI,HLA-A*0201
SIDQLCKTF,HLA-A*0201
SIIGRLLEV,HLA-A*0201
SIIIPTLNV,HLA-A*0201
SILDAVQRV,HLA-A*0201
SILEDPPSI,HLA-A*0201
SISVLISAL,HLA-A*0201
SITEVECFL,HLA-A*0201
SIVAYTMSL,HLA-A*0201
SIVSPFIPLL,HLA-A*0201
SIYVYALPL,HLA-A*0201
SLAAGVKLL,HLA-A*0201
SLAAYIPRL,HLA-A*0201
SLANIGILPV,HLA-A*0201
SLAPLSPRA,HLA-A*0201
SLAPLSPRV,HLA-A*0201
SLAQYNPKL,HLA-A*0201
SLAVVSTQL,HLA-A*0201
SLCPIRGWAI,HLA-A*0201
SLDLAEQEL,HLA-A*0201
SLDLTTSPV,HLA-A*0201
SLDPTTSPV,HLA-A*0201
SLENFRAYV,HLA-A*0201
SLFGGMSWI,HLA-A*0201
SLFGQRIEV,HLA-A*0201
SLFKNVRLL,HLA-A*0201
SLFLGILSV,HLA-A*0201
SLFNAVATL,HLA-A*0201
SLFNAVAVL,HLA-A*0201
SLFNTIATL,HLA-A*0201
SLFNTIATLY,HLA-A*0201
SLFNTIAVL,HLA-A*0201
SLFNTIAVLY,HLA-A*0201
SLFNTVATL,HLA-A*0201
SLFNTVATLY,HLA-A*0201
SLFNTVATV,HLA-A*0201
SLFNTVAVL,HLA-A*0201
SLFNTVAVLY,HLA-A*0201
SLFNTVVTL,HLA-A*0201
SLFSLLPGV,HLA-A*0201
SLFWNEPAI,HLA-A*0201
SLGEQQYSV,HLA-A*0201
SLGGLLTMA,HLA-A*0201
SLGGLLTMV,HLA-A*0201
SLGLVILLVL,HLA-A*0201
SLHTGFLASL,HLA-A*0201
SLIDLLHKI,HLA-A*0201
SLILVSQYT,HLA-A*0201
SLISGMWLL,HLA-A*0201
SLKDVLVSV,HLA-A*0201
SLKKNSRSL,HLA-A*0201
SLLDSLLVM,HLA-A*0201
SLLEQAIAL,HLA-A*0201
SLLFIPDIKL,HLA-A*0201
SLLFKTEDGV,HLA-A*0201
SLLGLALLAV,HLA-A*0201
SLLGQLSGQV,HLA-A*0201
SLLLLPVSV,HLA-A*0201
SLLLVVEGV,HLA-A*0201
SLLMWITQA,HLA-A*0201
SLLMWITQC,HLA-A*0201
SLLMWITQV,HLA-A*0201
SLLPAIVEL,HLA-A*0201
SLLQGSPHL,HLA-A*0201
SLLQGSPHV,HLA-A*0201
SLLRSLENV,HLA-A*0201
SLLWLGAGV,HLA-A*0201
SLLWMNLFV,HLA-A*0201
SLLWMNPFV,HLA-A*0201
SLMAFTAAV,HLA-A*0201
SLMASSPTSI,HLA-A*0201
SLMDLLSSL,HLA-A*0201
SLMNVHSNG,HLA-A*0201
SLMSGVEPL,HLA-A*0201
SLMSWSAIL,HLA-A*0201
SLNPWPPCL,HLA-A*0201
SLNQTVHSL,HLA-A*0201
SLNYSGVKEL,HLA-A*0201
SLPEIAANHI,HLA-A*0201
SLPITVYYA,HLA-A*0201
SLPKHSVTI,HLA-A*0201
SLPLNSVYV,HLA-A*0201
SLPRSRTPI,HLA-A*0201
SLQDIEITCV,HLA-A*0201
SLQDVPLAAL,HLA-A*0201
SLQEEIAFL,HLA-A*0201
SLQEKVAKA,HLA-A*0201
SLQFSAFLL,HLA-A*0201
SLQKRGIVEQ,HLA-A*0201
SLQNSEFLL,HLA-A*0201
SLQQEITLL,HLA-A*0201
SLRNWIATL,HLA-A*0201
SLSAYIIRV,HLA-A*0201
SLSHYFTLV,HLA-A*0201
SLSHYFTLVF,HLA-A*0201
SLSKILDTV,HLA-A*0201
SLSNLDFRL,HLA-A*0201
SLSPLQAEL,HLA-A*0201
SLSRFSWGA,HLA-A*0201
SLSTYTVPI,HLA-A*0201
SLTALSAGV,HLA-A*0201
SLTECPTFL,HLA-A*0201
SLVALGINAV,HLA-A*0201
SLVEDVPVA,HLA-A*0201
SLVEELKKV,HLA-A*0201
SLVIVTTFV,HLA-A*0201
SLVNGVVRL,HLA-A*0201
SLWGGDVVL,HLA-A*0201
SLWKDGAPL,HLA-A*0201
SLYFGGICV,HLA-A*0201
SLYHVYEVNL,HLA-A*0201
SLYKGVYEL,HLA-A*0201
SLYLTVATL,HLA-A*0201
SLYMLFPEV,HLA-A*0201
SLYNLVKSSV,HLA-A*0201
SLYNSVATL,HLA-A*0201
SLYNTAATL,HLA-A*0201
SLYNTIAIL,HLA-A*0201
SLYNTIATL,HLA-A*0201
SLYNTIATLY,HLA-A*0201
SLYNTIAVL,HLA-A*0201
SLYNTIAVLY,HLA-A*0201
SLYNTISVL,HLA-A*0201
SLYNTITVL,HLA-A*0201
SLYNTVAAL,HLA-A*0201
SLYNTVAIF,HLA-A*0201
SLYNTVATLY,HLA-A*0201
SLYNTVAVL,HLA-A*0201
SLYNTVAVLY,HLA-A*0201
SLYNTVSTL,HLA-A*0201
SLYNTVVTL,HLA-A*0201
SLYQLENYC,HLA-A*0201
SLYQTVATL,HLA-A*0201
SMAGIGIVDV,HLA-A*0201
SMAGSSAMI,HLA-A*0201
SMHFYGWSL,HLA-A*0201
SMINGVVKL,HLA-A*0201
SMLENVMLT,HLA-A*0201
SMLGIGIVPV,HLA-A*0201
SMNATLVQA,HLA-A*0201
SMQKTIPLV,HLA-A*0201
SMSMILVGV,HLA-A*0201
SMVGNWAKV,HLA-A*0201
SMVGNWAKVL,HLA-A*0201
SQFGQEHRL,HLA-A*0201
SQIMYNYPA,HLA-A*0201
SQLAHLVYV,HLA-A*0201
SQQAQLAAA,HLA-A*0201
SRNSTHEMY,HLA-A*0201
SRYWAIRTR,HLA-A*0201
SSADVEFCL,HLA-A*0201
SSMKVNVNGV,HLA-A*0201
SSVSTALAEL,HLA-A*0201
SSWEDVPYL,HLA-A*0201
STAPPVHNV,HLA-A*0201
STLPETTVV,HLA-A*0201
STPPPGTRV,HLA-A*0201
STTTDVRTL,HLA-A*0201
SVANALWIV,HLA-A*0201
SVASTITGV,HLA-A*0201
SVFNVVNSSI,HLA-A*0201
SVFRENLFL,HLA-A*0201
SVGGVFTSV,HLA-A*0201
SVGSVLLTV,HLA-A*0201
SVHSLHIWSL,HLA-A*0201
SVIDCNTCV,HLA-A*0201
SVLENFTIFL,HLA-A*0201
SVLENFTILL,HLA-A*0201
SVLWLGALGL,HLA-A*0201
SVRDRLARL,HLA-A*0201
SVSSFLFVEA,HLA-A*0201
SVYALGFGV,HLA-A*0201
SVYDFFVWL,HLA-A*0201
SVYNTVATL,HLA-A*0201
SVYPYDEFV,HLA-A*0201
SYNEHWNYL,HLA-A*0201
TAAAWYLWEV,HLA-A*0201
TAMDIFVTV,HLA-A*0201
TAMDLFVTV,HLA-A*0201
TARHTPVNSW,HLA-A*0201
TGSPITYSTY,HLA-A*0201
TIADFWQMV,HLA-A*0201
TIDQLCKTF,HLA-A*0201
TIHDIILECV,HLA-A*0201
TIPEALAAV,HLA-A*0201
TITEEIAVQ,HLA-A*0201
TKWTDIPYL,HLA-A*0201
TLACFAVYT,HLA-A*0201
TLACFVLAAV,HLA-A*0201
TLAGKGISVV,HLA-A*0201
TLAPQVEPL,HLA-A*0201
TLARGFPFV,HLA-A*0201
TLATIAWMV,HLA-A*0201
TLDHLLVLL,HLA-A*0201
TLDTKPLSV,HLA-A*0201
TLDYKPLSV,HLA-A*0201
TLEDLLMGT,HLA-A*0201
TLEEFSAKL,HLA-A*0201
TLEGFASPL,HLA-A*0201
TLFIGSHVV,HLA-A*0201
TLFPGDDDL,HLA-A*0201
TLFTIVGTV,HLA-A*0201
TLFTMVGTV,HLA-A*0201
TLGIVCPIC,HLA-A*0201
TLGVKQMVV,HLA-A*0201
TLHEYMLDL,HLA-A*0201
TLHEYMLDV,HLA-A*0201
TLIGNFAAHL,HLA-A*0201
TLIVNLVEV,HLA-A*0201
TLKCLRYRFK,HLA-A*0201
TLKDIVLDL,HLA-A*0201
TLKKYFIPV,HLA-A*0201
TLLANVTAV,HLA-A*0201
TLLDALGML,HLA-A*0201
TLLDHIRTA,HLA-A*0201
TLLEFVFKL,HLA-A*0201
TLLELVVSV,HLA-A*0201
TLLGASLPA,HLA-A*0201
TLLTIDGGI,HLA-A*0201
TLLVDLLWL,HLA-A*0201
TLLYATVEV,HLA-A*0201
TLLYVLFEV,HLA-A*0201
TLNAWVKVV,HLA-A*0201
TLNDLETDV,HLA-A*0201
TLQDVSLEV,HLA-A*0201
TLQPVERVL,HLA-A*0201
TLRGLFFSV,HLA-A*0201
TLRKPKHKKL,HLA-A*0201
TLSKPSPMPV,HLA-A*0201
TLTSYWRRV,HLA-A*0201
TLVAHGPSL,HLA-A*0201
TLWCSPIKV,HLA-A*0201
TLWVDPYEV,HLA-A*0201
TLYAVATTFV,HLA-A*0201
TLYAVATTI,HLA-A*0201
TLYTAVSST,HLA-A*0201
TMAAISNTV,HLA-A*0201
TMFPHIIVDV,HLA-A*0201
TMIKTAVAVV,HLA-A*0201
TMLELLTQL,HLA-A*0201
TMSFSHLFYL,HLA-A*0201
TMSSSHLFYL,HLA-A*0201
TMTDDIGMGV,HLA-A*0201
TPRVTGGGA,HLA-A*0201
TPRVTGGGAM,HLA-A*0201
TQKCEIFNV,HLA-A*0201
TQLMPFGCLL,HLA-A*0201
TQLMPFGSLL,HLA-A*0201
TQVEDVLLA,HLA-A*0201
TTGDPPFPG,HLA-A*0201
TTLITNLSSV,HLA-A*0201
TTWEDVPYL,HLA-A*0201
TVCGGIMFL,HLA-A*0201
TVFDASRSTV,HLA-A*0201
VAALFFFDI,HLA-A*0201
VAANIVLTV,HLA-A*0201
VADAVIHAS,HLA-A*0201
VALKLQVFL,HLA-A*0201
VAPPPPAAA,HLA-A*0201
VCGERGFFYT,HLA-A*0201
VCWGELMNL,HLA-A*0201
VDGIGILTI,HLA-A*0201
VFFNILGGWV,HLA-A*0201
VIFDFLHCI,HLA-A*0201
VIGDQYVKV,HLA-A*0201
VIGQCIYTI,HLA-A*0201
VIIAALVLV,HLA-A*0201
VIIKPLVWV,HLA-A*0201
VIMPCSWWV,HLA-A*0201
VIVMLTPLV,HLA-A*0201
VIYQYMDDL,HLA-A*0201
VKNPYPISF,HLA-A*0201
VLAAGVLVV,HLA-A*0201
VLAALAAYCL,HLA-A*0201
VLADDVYPL,HLA-A*0201
VLAGLLGNV,HLA-A*0201
VLAGSVDEL,HLA-A*0201
VLAGWLFHV,HLA-A*0201
VLAKDGTEV,HLA-A*0201
VLASPSVPL,HLA-A*0201
VLAVFIKAV,HLA-A*0201
VLDDGIYRI,HLA-A*0201
VLDDHYKTAL,HLA-A*0201
VLDEVMSTL,HLA-A*0201
VLDGFIPGT,HLA-A*0201
VLDKVEETV,HLA-A*0201
VLDTSVAYV,HLA-A*0201
VLEDVQAAGI,HLA-A*0201
VLEETSVML,HLA-A*0201
VLENFTIFLV,HLA-A*0201
VLENFTILLV,HLA-A*0201
VLEWRFDSRL,HLA-A*0201
VLFAAFSSA,HLA-A*0201
VLFGLGFAI,HLA-A*0201
VLFGLMALTL,HLA-A*0201
VLFHRAFLV,HLA-A*0201
VLFSGPSPL,HLA-A*0201
VLGGCRHKL,HLA-A*0201
VLGPISGHV,HLA-A*0201
VLHDDLLEA,HLA-A*0201
VLHKRTLGL,HLA-A*0201
VLIEGKCFV,HLA-A*0201
VLISPVSIL,HLA-A*0201
VLLCVCLLI,HLA-A*0201
VLLDHLSLA,HLA-A*0201
VLLGGVGLVL,HLA-A*0201
VLLGVKLFGV,HLA-A*0201
VLLGVKLSGV,HLA-A*0201
VLLKARLVPA,HLA-A*0201
VLLLWITAA,HLA-A*0201
VLLNAPSEA,HLA-A*0201
VLLNGWRWRL,HLA-A*0201
VLLPSLFLL,HLA-A*0201
VLLPSLFLLL,HLA-A*0201
VLLPVLFGV,HLA-A*0201
VLLQAGSLHA,HLA-A*0201
VLLRHSKNV,HLA-A*0201
VLLVFAICY,HLA-A*0201
VLLVSLGAI,HLA-A*0201
VLMGGVPGVE,HLA-A*0201
VLMIKALEL,HLA-A*0201
VLNDILSRL,HLA-A*0201
VLNETTNWL,HLA-A*0201
VLNGTVHPV,HLA-A*0201
VLNPFIYML,HLA-A*0201
VLNPFIYTL,HLA-A*0201
VLNYFEPYL,HLA-A*0201
VLNYFKPYL,HLA-A*0201
VLPAAPSSV,HLA-A*0201
VLPDVFIRC,HLA-A*0201
VLPFDIKKL,HLA-A*0201
VLQEATICV,HLA-A*0201
VLQWASLAV,HLA-A*0201
VLRKEEEKL,HLA-A*0201
VLSEWLPVT,HLA-A*0201
VLSRNILLEL,HLA-A*0201
VLTDGNPPEV,HLA-A*0201
VLTESSVSTA,HLA-A*0201
VLTSESMHV,HLA-A*0201
VLWSLLWLG,HLA-A*0201
VMACLVPAA,HLA-A*0201
VMASLVWPV,HLA-A*0201
VMATLLPPV,HLA-A*0201
VMIIVSSLAV,HLA-A*0201
VMLAAQMFIV,HLA-A*0201
VMLEGEQEA,HLA-A*0201
VMLEGEQEE,HLA-A*0201
VMLFILAGL,HLA-A*0201
VMMSCSSEA,HLA-A*0201
VMNILLQYV,HLA-A*0201
VMNILLQYVV,HLA-A*0201
VMNILLQYW,HLA-A*0201
VMNQVIHGV,HLA-A*0201
VMPFSIVYI,HLA-A*0201
VMPFSIVYIV,HLA-A*0201
VMQGCLEST,HLA-A*0201
VPILLKALY,HLA-A*0201
VQLEEEYEV,HLA-A*0201
VQYLGMFPV,HLA-A*0201
VQYLGMLPV,HLA-A*0201
VTGSVVCTT,HLA-A*0201
VTLGYTSGT,HLA-A*0201
VTLLCLIPTV,HLA-A*0201
VTLPTGQCL,HLA-A*0201
VVAGMLRWV,HLA-A*0201
VVFDITKWLL,HLA-A*0201
VVFEDVKGT,HLA-A*0201
VVFVVFMGV,HLA-A*0201
VVLDSLDPMV,HLA-A*0201
VVLFGLMAL,HLA-A*0201
VVLSWAPPV,HLA-A*0201
VVMACLVPAA,HLA-A*0201
VVMSWAPPV,HLA-A*0201
VVPEDYWGV,HLA-A*0201
VVSVLTHSV,HLA-A*0201
VVTAIVYVV,HLA-A*0201
VVTGVLVYL,HLA-A*0201
WIIKNSWTA,HLA-A*0201
WILGFVFTL,HLA-A*0201
WIPPVVSVL,HLA-A*0201
WLDEVKQAL,HLA-A*0201
WLGNHGFEV,HLA-A*0201
WLGNIIMFA,HLA-A*0201
WLGNIIMYA,HLA-A*0201
WLGNIIQYA,HLA-A*0201
WLGTANNPV,HLA-A*0201
WLLQITVLL,HLA-A*0201
WLSCSIALL,HLA-A*0201
WLSDCGEAL,HLA-A*0201
WLSLLVPFV,HLA-A*0201
WLWEPLRVV,HLA-A*0201
WLYPGAQNL,HLA-A*0201
WMNRLIAFA,HLA-A*0201
WQWEHIPPA,HLA-A*0201
WRLGAIPPLV,HLA-A*0201
WVFPESISPV,HLA-A*0201
WVLALFDEV,HLA-A*0201
WYELSKINP,HLA-A*0201
YELSKINPT,HLA-A*0201
YFHALVYFV,HLA-A*0201
YGILGFVFTL,HLA-A*0201
YIAEVLVSV,HLA-A*0201
YICEEASVTV,HLA-A*0201
YIDISDVKV,HLA-A*0201
YIFAVLLVCV,HLA-A*0201
YIFLGNLAL,HLA-A*0201
YIGAVLVSV,HLA-A*0201
YIGEALVSV,HLA-A*0201
YIGEVLASV,HLA-A*0201
YIGEVLVAV,HLA-A*0201
YIGEVLVSA,HLA-A*0201
YIGEVLVSM,HLA-A*0201
YIGEVLVSV,HLA-A*0201
YIGSGDSPV,HLA-A*0201
YIIFVYIPL,HLA-A*0201
YIIIGDSPV,HLA-A*0201
YIILGDSPV,HLA-A*0201
YIISGDLPV,HLA-A*0201
YIISGDSPL,HLA-A*0201
YIISGDSWV,HLA-A*0201
YIISGISPV,HLA-A*0201
YILDLQPETT,HLA-A*0201
YILEETSVLL,HLA-A*0201
YILEETSVLM,HLA-A*0201
YILEETSVM,HLA-A*0201
YILEETSVML,HLA-A*0201
YILEETSVMM,HLA-A*0201
YILGADPLRV,HLA-A*0201
YILKYSVFL,HLA-A*0201
YINTALLNA,HLA-A*0201
YIVRWEWVV,HLA-A*0201
YIYGIPLSL,HLA-A*0201
YLAAYALVGL,HLA-A*0201
YLACLAAVI,HLA-A*0201
YLALLEACL,HLA-A*0201
YLANGGFLI,HLA-A*0201
YLAPQWEPV,HLA-A*0201
YLAYRNQSL,HLA-A*0201
YLCNQDVAFL,HLA-A*0201
YLCPVLVFV,HLA-A*0201
YLCRHCLNLL,HLA-A*0201
YLCSGSSYF,HLA-A*0201
YLCSGSSYFV,HLA-A*0201
YLDELIKNT,HLA-A*0201
YLDELIRNT,HLA-A*0201
YLDGQLARL,HLA-A*0201
YLDKVRATV,HLA-A*0201
YLDLFGDPSV,HLA-A*0201
YLDLLFQIL,HLA-A*0201
YLDLLFQILL,HLA-A*0201
YLDPAQQNL,HLA-A*0201
YLEAGPVTA,HLA-A*0201
YLEPGAVTA,HLA-A*0201
YLEPGPATA,HLA-A*0201
YLEPGPVAA,HLA-A*0201
YLEPGPVTA,HLA-A*0201
YLEPGPVTL,HLA-A*0201
YLEPGPVTV,HLA-A*0201
YLESFCEDV,HLA-A*0201
YLFNWAVRT,HLA-A*0201
YLFTLLVPL,HLA-A*0201
YLGEVIVSV,HLA-A*0201
YLGEVLVSV,HLA-A*0201
YLGGPDFPTI,HLA-A*0201
YLIIGILTL,HLA-A*0201
YLIKLIEPV,HLA-A*0201
YLISGDSPV,HLA-A*0201
YLKKIKNSL,HLA-A*0201
YLKKIQNSL,HLA-A*0201
YLLADTFTV,HLA-A*0201
YLLAIFSGL,HLA-A*0201
YLLDGLRAQ,HLA-A*0201
YLLEMLWRL,HLA-A*0201
YLLFMIGYA,HLA-A*0201
YLLFMIGYT,HLA-A*0201
YLLKPVQRI,HLA-A*0201
YLLPAIVHI,HLA-A*0201
YLLPEAEEI,HLA-A*0201
YLLPRRGPRL,HLA-A*0201
YLLPSRGPKL,HLA-A*0201
YLNAVVGTAL,HLA-A*0201
YLNDHLEPWI,HLA-A*0201
YLNELVVFV,HLA-A*0201
YLNKEIEEA,HLA-A*0201
YLNPGNYSM,HLA-A*0201
YLPAIVREA,HLA-A*0201
YLQDSLATT,HLA-A*0201
YLQDSMATT,HLA-A*0201
YLQGQRLDNV,HLA-A*0201
YLQKETSTL,HLA-A*0201
YLQQNTHTL,HLA-A*0201
YLQQNWWTL,HLA-A*0201
YLRNFLAAP,HLA-A*0201
YLRTFPAAL,HLA-A*0201
YLSGANLNL,HLA-A*0201
YLSNIIPAL,HLA-A*0201
YLTAPTGCI,HLA-A*0201
YLVALGINAV,HLA-A*0201
YLVALGVNAV,HLA-A*0201
YLVAYQATV,HLA-A*0201
YLVGNVCIL,HLA-A*0201
YLVSIFLHL,HLA-A*0201
YLWPPVQLA,HLA-A*0201
YLYDRLLRI,HLA-A*0201
YLYDRLLRV,HLA-A*0201
YLYTEYFLFL,HLA-A*0201
YMCTHRLLL,HLA-A*0201
YMCYRNIEF,HLA-A*0201
YMDGTMSQV,HLA-A*0201
YMFLASPSV,HLA-A*0201
YMIPSIRNSI,HLA-A*0201
YMLDLQPET,HLA-A*0201
YMLDLQPETT,HLA-A*0201
YMLDLQPEV,HLA-A*0201
YMLTLHTKL,HLA-A*0201
YMNGTMSQV,HLA-A*0201
YMNSIRLYA,HLA-A*0201
YMPTTIIAA,HLA-A*0201
YMPYPGTRI,HLA-A*0201
YMSTTIIAA,HLA-A*0201
YMVLASPSV,HLA-A*0201
YMYGSPGEL,HLA-A*0201
YQFGPDFPIA,HLA-A*0201
YQLAVTIMA,HLA-A*0201
YQWQWVPAV,HLA-A*0201
YSLEYFQFV,HLA-A*0201
YTAFTIPSV,HLA-A*0201
YTMDGEYRL,HLA-A*0201
YTSEILSPI,HLA-A*0201
YVFTLLVPL,HLA-A*0201
YVFTLLVSL,HLA-A*0201
YVGDLCGCV,HLA-A*0201
YVGDLCGSV,HLA-A*0201
YVLDHLIVV,HLA-A*0201
YVLDLQPEAT,HLA-A*0201
YVLEETSVLL,HLA-A*0201
YVLEETSVM,HLA-A*0201
YVLEETSVML,HLA-A*0201
YVLHFACLV,HLA-A*0201
YVLTWIVGA,HLA-A*0201
YVNAILYQI,HLA-A*0201
YVNELVVFV,HLA-A*0201
YVSDTVTFV,HLA-A*0201
YVTAMDIFV,HLA-A*0201
YVTAMDLFV,HLA-A*0201
YVVIAILTV,HLA-A*0201
YVVIAILTVV,HLA-A*0201
YVVTWIVGA,HLA-A*0201