Annotation,HLA,peptide
place,HLA-A01:01,ASSFLKSFY
place,HLA-A01:01,ATLFSDSWYY
place,HLA-A01:01,CVDWLIAVY
place,HLA-A01:01,DTDSRFISY
place,HLA-A01:01,ELTQGYIYFY
place,HLA-A01:01,ESEPYTFSY
place,HLA-A01:01,FATCLGLFY
place,HLA-A01:01,FSDVGEVPY
place,HLA-A01:01,FSSPTHSLY
place,HLA-A01:01,FSSPTHSLYV
place,HLA-A01:01,FTADQKVVY
place,HLA-A01:01,FTDRERHCF
place,HLA-A01:01,FTNESYLELY
place,HLA-A01:01,FTQEDPQMVY
place,HLA-A01:01,GDTDSRFISY
place,HLA-A01:01,GTDPLFMFA
place,HLA-A01:01,IAADGEFLY
place,HLA-A01:01,IFSSPTHSLY
place,HLA-A01:01,ILDTAGHEEY
place,HLA-A01:01,ISEYVSVRFY
place,HLA-A01:01,ISVATFLPY
place,HLA-A01:01,LLDEPSAHLY
place,HLA-A01:01,LSDGPSMGRY
place,HLA-A01:01,LSGSDNVLY
place,HLA-A01:01,LTEQYNEKY
place,HLA-A01:01,LTQGYIYFY
place,HLA-A01:01,LTVDYATFY
place,HLA-A01:01,LVDIVLNFY
place,HLA-A01:01,MLDIIKAIY
place,HLA-A01:01,PSAEVEMTFY
place,HLA-A01:01,QLDVSRLWY
place,HLA-A01:01,RCVDWLIAVY
place,HLA-A01:01,RSAQKMFTY
place,HLA-A01:01,SSDCSAWYM
place,HLA-A01:01,VSCRSVWEY
place,HLA-A01:01,VSEGGCFCY
place,HLA-A01:01,WSDIMFEHFY
place,HLA-A01:01,WSFPYEFLY
place,HLA-A01:01,YTAEKKSLSE
place,HLA-A01:01,YTDKSEHATY
place,HLA-A02:01,ALDHMFMYFL
place,HLA-A02:01,ALDKNLHQL
place,HLA-A02:01,ALFELRNISV
place,HLA-A02:01,ALGVYGGPYV
place,HLA-A02:01,ALHEEVVCV
place,HLA-A02:01,ALKEIIPQCI
place,HLA-A02:01,ALPPTVYEV
place,HLA-A02:01,ALSDGPIDAV
place,HLA-A02:01,ALVNQQFLCV
place,HLA-A02:01,ALWPLAYGV
place,HLA-A02:01,AVLGSFSYV
place,HLA-A02:01,AVPGGGMPI
place,HLA-A02:01,AVYCACFVEL
place,HLA-A02:01,EMASVLFKA
place,HLA-A02:01,FHLAELCIEV
place,HLA-A02:01,FIAEQILATL
place,HLA-A02:01,FIWLATRRV
place,HLA-A02:01,FIYLFVTET
place,HLA-A02:01,FLCNARVKV
place,HLA-A02:01,FLDEGFSGL
place,HLA-A02:01,FLDEGFSGLV
place,HLA-A02:01,FLDKFMEAV
place,HLA-A02:01,FLDPDLTNI
place,HLA-A02:01,FLFQEECWHL
place,HLA-A02:01,FLGSLLILV
place,HLA-A02:01,FLGSLLILVV
place,HLA-A02:01,FLLDETEVSV
place,HLA-A02:01,FLLWKATGV
place,HLA-A02:01,FLNCDIMLGV
place,HLA-A02:01,FLNDASACV
place,HLA-A02:01,FLSEFAGTQL
place,HLA-A02:01,FLSELEASV
place,HLA-A02:01,FLTKLVHLV
place,HLA-A02:01,FLVESQLHL
place,HLA-A02:01,FLWGSRAHA
place,HLA-A02:01,FMATYEINV
place,HLA-A02:01,FMKDGLTGA
place,HLA-A02:01,FQLPILQPA
place,HLA-A02:01,FQLRTADWHL
place,HLA-A02:01,FSDYVQCFL
place,HLA-A02:01,FVANLFNTYL
place,HLA-A02:01,FVLASLCLYV
place,HLA-A02:01,FVLEHEDGL
place,HLA-A02:01,FYLGSAYHAA
place,HLA-A02:01,GLFEDTNLFA
place,HLA-A02:01,GLKDLLNPI
place,HLA-A02:01,GLSEKCSLV
place,HLA-A02:01,GLSKYRPAI
place,HLA-A02:01,GLTFKDVTV
place,HLA-A02:01,GLYGNLIVL
place,HLA-A02:01,GMLTNIWTV
place,HLA-A02:01,GQEGKYDLLV
place,HLA-A02:01,GQFGKVWMA
place,HLA-A02:01,HLIGGIQVL
place,HLA-A02:01,HLMNIAIIA
place,HLA-A02:01,IFLSELEASV
place,HLA-A02:01,ILPFFYLGSA
place,HLA-A02:01,ILPGVFSKL
place,HLA-A02:01,ILYHGNLVV
place,HLA-A02:01,IMGQQPAPQV
place,HLA-A02:01,IVYPTPTPI
place,HLA-A02:01,KAWENFPNV
place,HLA-A02:01,KIFLCNARV
place,HLA-A02:01,KLADFGLAC
place,HLA-A02:01,KLADFGLACA
place,HLA-A02:01,KLHVSVEAFV
place,HLA-A02:01,KLINSQINL
place,HLA-A02:01,KLKEHLGFAV
place,HLA-A02:01,KLLEGQPVLL
place,HLA-A02:01,KLLNCPCPA
place,HLA-A02:01,KLLSEFFSC
place,HLA-A02:01,KLLSEFFSCL
place,HLA-A02:01,KLLSFHSVFT
place,HLA-A02:01,KLNPSQNVV
place,HLA-A02:01,KLPYSYNLCV
place,HLA-A02:01,KLSFLVMII
place,HLA-A02:01,KLVVVGAAGV
place,HLA-A02:01,KLYESFYGP
place,HLA-A02:01,KMGKTIYKYV
place,HLA-A02:01,KMLDGLESL
place,HLA-A02:01,KTIQTIVFL
place,HLA-A02:01,KTIYKYVHL
place,HLA-A02:01,KTLGIKLSFL
place,HLA-A02:01,KTLMEVMSKI
place,HLA-A02:01,KVWAVTEEV
place,HLA-A02:01,LALPPTVYEV
place,HLA-A02:01,LIIENRYAV
place,HLA-A02:01,LLAAGLGRA
place,HLA-A02:01,LLAKQLYRV
place,HLA-A02:01,LLAPLIATL
place,HLA-A02:01,LLDNGTLTI
place,HLA-A02:01,LLFGPSCAL
place,HLA-A02:01,LLFTDQHGL
place,HLA-A02:01,LLFTDQHGLV
place,HLA-A02:01,LLFYGAVIEV
place,HLA-A02:01,LLHSGVIGA
place,HLA-A02:01,LLHSGVIGAV
place,HLA-A02:01,LLKAGWQNLV
place,HLA-A02:01,LLLLPLSVA
place,HLA-A02:01,LLLNGLGLA
place,HLA-A02:01,LLLPGNNWKV
place,HLA-A02:01,LLLSSLGYL
place,HLA-A02:01,LLNDASFISV
place,HLA-A02:01,LLPGNNWKV
place,HLA-A02:01,LLQVCWLQSA
place,HLA-A02:01,LLRMNQSQFI
place,HLA-A02:01,LLSEFFSCL
place,HLA-A02:01,LLSFHSVFT
place,HLA-A02:01,LLSLWVPQV
place,HLA-A02:01,LLSNELHRL
place,HLA-A02:01,LLYDHPLKV
place,HLA-A02:01,LMMHSATSA
place,HLA-A02:01,LMMHSATSAT
place,HLA-A02:01,LQDSGLWFPV
place,HLA-A02:01,LQVCWLQSA
place,HLA-A02:01,LVADVLSPV
place,HLA-A02:01,LVAVFRWAV
place,HLA-A02:01,MLFARHLREV
place,HLA-A02:01,MLIILAGFL
place,HLA-A02:01,MLNTSVPNYM
place,HLA-A02:01,MLPSNYVEA
place,HLA-A02:01,MLPSNYVEAI
place,HLA-A02:01,MLVSTMPVV
place,HLA-A02:01,NILGFTFDI
place,HLA-A02:01,NLFLFIDKL
place,HLA-A02:01,NLINEAMDV
place,HLA-A02:01,NSLLLLPLSV
place,HLA-A02:01,QLFMATYEI
place,HLA-A02:01,QLLKFIPSL
place,HLA-A02:01,QLSSVRCYV
place,HLA-A02:01,QLVMVLVGGL
place,HLA-A02:01,RLCLYCGYPV
place,HLA-A02:01,RLDGFFKNAV
place,HLA-A02:01,RLIGLMMTA
place,HLA-A02:01,RLLRGYDQV
place,HLA-A02:01,RLLRPIYDYL
place,HLA-A02:01,RLMDSAQVA
place,HLA-A02:01,RLMGINSTA
place,HLA-A02:01,RLMGINSTAA
place,HLA-A02:01,RLPGLILYTL
place,HLA-A02:01,RLSEVMARM
place,HLA-A02:01,RLVLQLLEL
place,HLA-A02:01,RMGQTVIAV
place,HLA-A02:01,RSFSEVFLV
place,HLA-A02:01,RTADWHLYL
place,HLA-A02:01,RVYDALNLL
place,HLA-A02:01,SEQMDVAFQV
place,HLA-A02:01,SLCKSILLFL
place,HLA-A02:01,SLCLYVVVGV
place,HLA-A02:01,SLHDLTDGV
place,HLA-A02:01,SLHPSAPFL
place,HLA-A02:01,SLINSTVIV
place,HLA-A02:01,SLLAARQLL
place,HLA-A02:01,SLLLLPLSV
place,HLA-A02:01,SLLLLPLSVA
place,HLA-A02:01,SLSEARQDV
place,HLA-A02:01,SLSSDFNPL
place,HLA-A02:01,SLSSDFNPLV
place,HLA-A02:01,SLYELEKEFL
place,HLA-A02:01,SLYLNTTVL
place,HLA-A02:01,SQPPAGSEV
place,HLA-A02:01,SVLSALFSI
place,HLA-A02:01,TIITQLSSV
place,HLA-A02:01,TLFHDLWKL
place,HLA-A02:01,TLGIKLSFLV
place,HLA-A02:01,TLMEVMSKI
place,HLA-A02:01,TLYLRNNQLV
place,HLA-A02:01,TMMCVSRNEL
place,HLA-A02:01,TVWDFTLEL
place,HLA-A02:01,VLASLCLYV
place,HLA-A02:01,VLASLCLYVV
place,HLA-A02:01,VLFDRLSKL
place,HLA-A02:01,VLFDRLSKLA
place,HLA-A02:01,VLFSNESSL
place,HLA-A02:01,VLLKAGWQNL
place,HLA-A02:01,VLLKAGWQNL
place,HLA-A02:01,VLLSVLIILL
place,HLA-A02:01,VLMMHSATSA
place,HLA-A02:01,VLNFYTTFV
place,HLA-A02:01,VLSALFSIT
place,HLA-A02:01,VLVADVLSPV
place,HLA-A02:01,VLWISAFMV
place,HLA-A02:01,VSVLSALFSI
place,HLA-A02:01,WLVDFFSPWC
place,HLA-A02:01,WQLDALDFLV
place,HLA-A02:01,YAVQDFLHEI
place,HLA-A02:01,YILDRESPL
place,HLA-A02:01,YITKRIIAV
place,HLA-A02:01,YIYNPSLAL
place,HLA-A02:01,YLAVDALEL
place,HLA-A02:01,YLDVFVHAI
place,HLA-A02:01,YLFIKDNEI
place,HLA-A02:01,YLIIENRYA
place,HLA-A02:01,YLIIENRYAV
place,HLA-A02:01,YLLIHGTAV
place,HLA-A02:01,YLLNDASPI
place,HLA-A02:01,YLLQKLSCL
place,HLA-A02:01,YLNEAVFNF
place,HLA-A02:01,YLNEAVFNFV
place,HLA-A02:01,YLYHRVDVI
place,HLA-A02:01,YLYVYKIVSQ
place,HLA-A02:01,YMPGVGDFA
place,HLA-A02:01,YMPGVGDFAV
place,HLA-A02:01,YMWRWKQFL
place,HLA-A02:01,YQANVVWKV
place,HLA-A02:01,YQSPDLSKV
place,HLA-A02:01,YVQCFLAFT
place,HLA-A02:01,YVYKIVSQL
place,HLA-A03:01,ADVLSPVLVK
place,HLA-A03:01,AINRPTVLK
place,HLA-A03:01,ALLPPPPLAK
place,HLA-A03:01,ALYFNSQWK
place,HLA-A03:01,ALYKVEINK
place,HLA-A03:01,ASFFGVHSK
place,HLA-A03:01,ATNYIYVLNK
place,HLA-A03:01,ATRYNYTSEK
place,HLA-A03:01,AVRVLFPGIK
place,HLA-A03:01,CRLFPYALHK
place,HLA-A03:01,CVIDAAVLLK
place,HLA-A03:01,FIYLFVTETK
place,HLA-A03:01,GIKAHPVLK
place,HLA-A03:01,GLLAAGLGR
place,HLA-A03:01,GLSFHLQSSK
place,HLA-A03:01,GMLNTSVPNY
place,HLA-A03:01,GVYTKEFLY
place,HLA-A03:01,HLFDIQGLPK
place,HLA-A03:01,ILFRTPSVAK
place,HLA-A03:01,ILGYWIRTSK
place,HLA-A03:01,ITGALVLFMK
place,HLA-A03:01,KAPVGHFYK
place,HLA-A03:01,KEAADPLAFK
place,HLA-A03:01,KINRALTAAK
place,HLA-A03:01,KIVEMSTSK
place,HLA-A03:01,KIYTGEKPYK
place,HLA-A03:01,KLHVASLSFR
place,HLA-A03:01,KLRDEISLAK
place,HLA-A03:01,KLYKCKVCDK
place,HLA-A03:01,KMFCAGYPK
place,HLA-A03:01,KSATRRPVWK
place,HLA-A03:01,KTYACQQCGK
place,HLA-A03:01,KVYDIAFSR
place,HLA-A03:01,LLFGVSALGK
place,HLA-A03:01,LLFKAGEMRK
place,HLA-A03:01,LLPPPPLAK
place,HLA-A03:01,LVYQFKDMLK
place,HLA-A03:01,MFYAVRWGRK
place,HLA-A03:01,MLNTSVPNY
place,HLA-A03:01,MLNTSVPNY
place,HLA-A03:01,RIALWPLAY
place,HLA-A03:01,RIHTSVKLY
place,HLA-A03:01,RIPRTVGQK
place,HLA-A03:01,RKSNRVKTCK
place,HLA-A03:01,RLFPYALHK
place,HLA-A03:01,RLFPYALHKW
place,HLA-A03:01,RLFSALNSHK
place,HLA-A03:01,RMFLRFQKK
place,HLA-A03:01,RTGKGQPCNK
place,HLA-A03:01,RTKYDFTWFK
place,HLA-A03:01,RTREFTAKK
place,HLA-A03:01,RVDFSATWYK
place,HLA-A03:01,RVWDVSGLRK
place,HLA-A03:01,SLHAHGLSYK
place,HLA-A03:01,SLSNFPQLK
place,HLA-A03:01,STLFRVVVAK
place,HLA-A03:01,SVEAFVCHRK
place,HLA-A03:01,SVFTSVRRK
place,HLA-A03:01,TLFRVVVAK
place,HLA-A03:01,TLWEQFLEK
place,HLA-A03:01,TSARTENFK
place,HLA-A03:01,VIDAAVLLK
place,HLA-A03:01,YLWAAQAEK
place,HLA-A03:01,YLYCYGYWKK
place,HLA-A11:01,FTANPPSQTK
place,HLA-A11:01,GAFMRPITLK
place,HLA-A11:01,GSNNLILIY
place,HLA-A11:01,GVLPNYSEGK
place,HLA-A11:01,ILIYWNPFHR
place,HLA-A11:01,KIFLCNARVK
place,HLA-A11:01,KQLYRVFQK
place,HLA-A11:01,LIYWNPFHR
place,HLA-A11:01,LSVSDSHVYK
place,HLA-A11:01,MLSSHIATK
place,HLA-A11:01,NLWPVPHGLK
place,HLA-A11:01,RISASCATR
place,HLA-A11:01,RLLRPIYDY
place,HLA-A11:01,RSMLFARHLR
place,HLA-A11:01,SALANPIGK
place,HLA-A11:01,SMLFARHLR
place,HLA-A11:01,SPLCNFNIIK
place,HLA-A11:01,SQYCRPISTK
place,HLA-A11:01,SSWHTPTLQK
place,HLA-A11:01,SVSDSHVYK
place,HLA-A11:01,SVSDSHVYKY
place,HLA-A11:01,SVTFNGQVFK
place,HLA-A11:01,TDTGVHATLK
place,HLA-A11:01,TQCKWQFVAK
place,HLA-A11:01,TVIAVASSMR
place,HLA-A11:01,VIAVASSMR
place,HLA-A11:01,VTFNGQVFK
place,HLA-A11:01,VVGAAGVGK
place,HLA-A11:01,VVVGAAGVGK
place,HLA-A11:01,YSNFISHLAK
place,HLA-A24:02,AWLLRKNFF
place,HLA-A24:02,AYGNNCDGI
place,HLA-A24:02,AYQKAPTKQF
place,HLA-A24:02,AYYFMVKVW
place,HLA-A24:02,EYQDMHSYI
place,HLA-A24:02,IYANMFKKF
place,HLA-A24:02,LDYVENLAKF
place,HLA-A24:02,LLYEDVFPVW
place,HLA-A24:02,LYEDVFPVW
place,HLA-A24:02,PWQASLFHL
place,HLA-A24:02,PYLPSPCPP
place,HLA-A24:02,QPWQASLFHL
place,HLA-A24:02,RHSPAPFSKF
place,HLA-A24:02,RMPKLLKSLF
place,HLA-A24:02,RVVSGAYYF
place,HLA-A24:02,SLFHLTRLF
place,HLA-A24:02,SLVPCLPEFF
place,HLA-A24:02,SQPWQASLF
place,HLA-A24:02,VFIQTRGGTF
place,HLA-A24:02,VFPVWEVIW
place,HLA-A24:02,VYCEEYYLF
place,HLA-A24:02,VYCEEYYLFS
place,HLA-A24:02,VYPFYRFRLI
place,HLA-A68:01,ATFEEWFPQR
place,HLA-A68:01,CTFCPPPLPK
place,HLA-A68:01,DTIDVSKLNR
place,HLA-A68:01,EIIPQCIAR
place,HLA-A68:01,EVCAPVIKR
place,HLA-A68:01,EYFRYLYHR
place,HLA-A68:01,FAASAVGSR
place,HLA-A68:01,FISGTFGLK
place,HLA-A68:01,FSAKAGPAR
place,HLA-A68:01,FSAVNSLIQR
place,HLA-A68:01,FVFSKYCHR
place,HLA-A68:01,FVFSKYCHRA
place,HLA-A68:01,FVRLQLTFEK
place,HLA-A68:01,HALDKARTR
place,HLA-A68:01,ITNFYETAMR
place,HLA-A68:01,MPKMGKTIYK
place,HLA-A68:01,QFSAKAGPAR
place,HLA-A68:01,QSIWSRLQK
place,HLA-A68:01,SAFLQLTAK
place,HLA-A68:01,SSAFLQLTAK
place,HLA-A68:01,SVGHQLFHR
place,HLA-A68:01,TILGEFQYFK
place,HLA-A68:01,TNFYETAMR
place,HLA-A68:01,YTWEQMGLR
place,HLA-B07:02,APKVEADESL
place,HLA-B07:02,ATAAARGPV
place,HLA-B07:02,CPLQCFQPRL
place,HLA-B07:02,GPSPSSEAL
place,HLA-B07:02,GPVEEVRAL
place,HLA-B07:02,GPVEEVRALL
place,HLA-B07:02,KPANHRGQL
place,HLA-B07:02,KPMEAVTVAV
place,HLA-B07:02,LPGLILYTL
place,HLA-B07:02,RGPVEEVRAL
place,HLA-B07:02,RGRMQTASL
place,HLA-B07:02,RPRRVEIVAL
place,HLA-B07:02,RPTYEEGFL
place,HLA-B07:02,RPVGGRPGW
place,HLA-B07:02,RPVWKLVKV
place,HLA-B07:02,SPWKDGDEL
place,HLA-B07:02,VPTLGRGGW
place,HLA-B08:01,AIRVRTFRA
place,HLA-B08:01,ALKCRVALSL
place,HLA-B08:01,ALREHFQPQL
place,HLA-B08:01,ALVNKRNAL
place,HLA-B08:01,APFSKFSTF
place,HLA-B08:01,DLLLRTAQL
place,HLA-B08:01,EIRSRNNAL
place,HLA-B08:01,ELKEKTLNL
place,HLA-B08:01,ELKFYVNHL
place,HLA-B08:01,EPQRARSLTV
place,HLA-B08:01,EVKEVFQAL
place,HLA-B08:01,FNSVRKRMSV
place,HLA-B08:01,FPGIKAHPV
place,HLA-B08:01,FPRKPRPKL
place,HLA-B08:01,FPYCRAHVL
place,HLA-B08:01,FRLLRYQPL
place,HLA-B08:01,HALRRHYHL
place,HLA-B08:01,HMKAKLAML
place,HLA-B08:01,ILTTRIHKL
place,HLA-B08:01,IVHHRIHTA
place,HLA-B08:01,KLKNKQQQL
place,HLA-B08:01,KPRPKLHHSL
place,HLA-B08:01,LLRKNFFYF
place,HLA-B08:01,MARAIRVRTF
place,HLA-B08:01,MIRRRRPTL
place,HLA-B08:01,MKYPRLCIL
place,HLA-B08:01,MLRELSSAF
place,HLA-B08:01,NLFKRLMIV
place,HLA-B08:01,NSVRKRMSV
place,HLA-B08:01,QLKEHWNHL
place,HLA-B08:01,QLKMKKLSA
place,HLA-B08:01,RLKQEKAFSL
place,HLA-B08:01,SIRDHPQAL
place,HLA-B08:01,SKLKNKQQQL
place,HLA-B08:01,SPLHRHNVF
place,HLA-B08:01,VALVNKRNAL
place,HLA-B08:01,VSFVRINSL
place,HLA-B08:01,WGKLHVASL
place,HLA-B08:01,YGYSRVNPM
place,HLA-B08:01,YLLLRNLSI
place,HLA-B08:01,YPRYRLEPM
place,HLA-B08:01,YVKSLSRVM
place,HLA-B27:05,HRDRLIGLMM
place,HLA-B27:05,HRIELDPSKF
place,HLA-B27:05,KRACCIPGR
place,HLA-B27:05,KRACCIPGRR
place,HLA-B27:05,KRCPGRFVY
place,HLA-B27:05,KRRPSGFFLF
place,HLA-B27:05,LRTADWHLY
place,HLA-B27:05,LRTADWHLYL
place,HLA-B27:05,NRYAVQDFL
place,HLA-B27:05,NRYAVQDFLH
place,HLA-B27:05,RRHIEIRDK
place,HLA-B27:05,RRPSGFFLF
place,HLA-B27:05,RRQSMTVKR
place,HLA-B27:05,RRQSMTVKRE
place,HLA-B27:05,RRSMLFARH
place,HLA-B27:05,RRSMLFARHL
place,HLA-B27:05,SQNQHENDI
place,HLA-B27:05,SRMGQTVIAV
place,HLA-B27:05,YRHVHLRSF
place,HLA-B44:02,ADTSEARPFW
place,HLA-B44:02,AELEEVSSY
place,HLA-B44:02,AELLAKQLY
place,HLA-B44:02,AEQQGACPGL
place,HLA-B44:02,AEVSVLYTV
place,HLA-B44:02,AEYQDMHSY
place,HLA-B44:02,EAIYETYTW
place,HLA-B44:02,EDNKHAPSSW
place,HLA-B44:02,EEFLDPSRPY
place,HLA-B44:02,EENSTGSLY
place,HLA-B44:02,EEQCLQWDL
place,HLA-B44:02,EEQCLQWDLY
place,HLA-B44:02,EEQEPVQQL
place,HLA-B44:02,EESSNNLTKF
place,HLA-B44:02,EEVKEVFQAL
place,HLA-B44:02,EEYYLFSGF
place,HLA-B44:02,GEEVLLHAF
place,HLA-B44:02,GEIFAQRVSW
place,HLA-B44:02,GENGQNLVKW
place,HLA-B44:02,GEQPFISGTF
place,HLA-B44:02,HEACNCGNTV
place,HLA-B44:02,IENIWSPEG
place,HLA-B44:02,IENRYAVQDF
place,HLA-B44:02,KEEVKEVFQA
place,HLA-B44:02,KEIIPQCIA
place,HLA-B44:02,MENIEVYNEF
place,HLA-B44:02,QEAWTAAAM
place,HLA-B44:02,QEAWTAAAMY
place,HLA-B44:02,REEQCLQWDL
place,HLA-B44:02,REMLKRQERF
place,HLA-B44:02,REYLYVYKI
place,HLA-B44:02,SEGKLPYSY
place,HLA-B44:02,SERVLTEIF
place,HLA-B44:02,SESSTIQEV
place,HLA-B44:02,SEVAVSVLSA
place,HLA-B44:02,VEHINISQDW
place,HLA-B44:02,VEKSELWMY
place,HLA-B57:01,GSARALSLW
place,HLA-B57:01,IIVRNATFTW
place,HLA-B57:01,IVRNATFTW
place,HLA-B57:01,KSFKEIKLW
place,HLA-B57:01,KTLGIKLSF
place,HLA-B57:01,LSLAGSDCFW
place,HLA-B57:01,RTDKVRALW
place,HLA-C05:01,FSDQAEVSVL
place,HLA-C05:01,FTSMSAVEF
place,HLA-C05:01,KTDTGVHATL
place,HLA-C05:01,LSRMGQTVI
place,HLA-C05:01,TADWHLYLF
place,HLA-C05:01,VQDPNDRLL
place,HLA-C05:01,VSDSHVYKY
place,HLA-C06:02,LRMNQSQFI
place,HLA-C06:02,LRMNQSQFIQ
place,HLA-C06:02,VRINTARPV
place,HLA-C06:02,VRRKSRRRM