peptide,HLA,immunogenicity
KLAVLGQNIL,HLA-A*0201,1
MLNTS-EAEK,HLA-A*0201,1
TLVLGAAALA,HLA-A*0201,1
ALIGTLLMYL,HLA-A*0201,1
PLVP-LYAIV,HLA-A*0201,1
KLLTEFLESV,HLA-A*0201,1
MLTGFALNDV,HLA-A*0201,1
IYGFIEEVMV,HLA-A*0201,1
KKEFGDNAKL,HLA-A*0201,1
GIIPYAITFI,HLA-A*0201,1
ALVIVRK-LL,HLA-A*0201,1
LGPFVGDLEV,HLA-A*0201,1
MLNEQVESIV,HLA-A*0201,1
CLNSAAI-PL,HLA-A*0201,1
-MLLMAIMFL,HLA-A*0201,1
RLAEFIFSTV,HLA-A*0201,1
NLIVG-LEIV,HLA-A*0201,1
KARFDFPAYV,HLA-A*0201,1
FLIAEKTRTV,HLA-A*0201,1
HLL-IPVLTA,HLA-A*0201,1
KLLMDAVIIL,HLA-A*0201,1
LLPNILKQLL,HLA-A*0201,1
SIINAVLWDV,HLA-A*0201,1
NLRR--IILV,HLA-A*0201,1
ALIGTTGIEL,HLA-A*0201,1
LLIEIVLFAL,HLA-A*0201,1
QIEVPRLLTV,HLA-A*0201,1
NLTNALGFFA,HLA-A*0201,1
KLLVVVLITI,HLA-A*0201,1
RLVTLAGLIV,HLA-A*0201,1
KLTPASRYNL,HLA-A*0201,1
YILPDSHLFR,HLA-A*0201,1
KLLMYASEFV,HLA-A*0201,1
YMLGPLVMDV,HLA-A*0201,1
SLATRTAFPV,HLA-A*0201,1
FMEFAMLKFV,HLA-A*0201,1
ALFLVTIDPA,HLA-A*0201,1
NL-NVAGPGV,HLA-A*0201,1
RIGLPALNLV,HLA-A*0201,1
TLIKNFVFFV,HLA-A*0201,1
MLGTEAIQDV,HLA-A*0201,1
LLLGFRLGNL,HLA-A*0201,1
RLVAAKVSIV,HLA-A*0201,1
LLPV-LELVL,HLA-A*0201,1
RLKIFLIVLL,HLA-A*0201,1
FLEVFIVLFV,HLA-A*0201,1
LLVFKLATFV,HLA-A*0201,1
WVVPGFAIVV,HLA-A*0201,1
KEIIEPNEAV,HLA-A*0201,1
TLNAGPAPYI,HLA-A*0201,1
YLV-MDIMIL,HLA-A*0201,1
-LIVIMIGAD,HLA-A*0201,1
QKFMVGVDIL,HLA-A*0201,1
FLLRTAMTIL,HLA-A*0201,1
FIEGTIANRV,HLA-A*0201,1
SILFFFEVDL,HLA-A*0201,1
NLTPPPKPGV,HLA-A*0201,1
KLYVQFPLYV,HLA-A*0201,1
FLTFIAAYSV,HLA-A*0201,1
KPNNYINQAI,HLA-A*0201,1
FIADYINYIL,HLA-A*0201,1
TLRSTKIM-I,HLA-A*0201,1
FLISQKIEEL,HLA-A*0201,1
FLIFSVPLPV,HLA-A*0201,1
FLIGLINVLV,HLA-A*0201,1
FM-RIGTG-A,HLA-A*0201,1
MLLNITPMLL,HLA-A*0201,1
FLEVQLGFEM,HLA-A*0201,1
WLKQNNINEV,HLA-A*0201,1
SLATSLGLLV,HLA-A*0201,1
FLDFALLLYL,HLA-A*0201,1
SLIVQNLVSV,HLA-A*0201,1
SLLNFIGVYA,HLA-A*0201,1
DLLYVTMINL,HLA-A*0201,1
FLRNKGLTPI,HLA-A*0201,1
SLIIILFRSE,HLA-A*0201,1
SLI-ELGGPP,HLA-A*0201,1
LLFDIIYNVF,HLA-A*0201,1
QLAVSGYSRV,HLA-A*0201,1
-LIVTPPVPL,HLA-A*0201,1
FLNFTSALEL,HLA-A*0201,1
-TLRGPGSAV,HLA-A*0201,1
TLLNESVILV,HLA-A*0201,1
YILMVNSITV,HLA-A*0201,1
QLINAATLAL,HLA-A*0201,1
FL-ATITAFL,HLA-A*0201,1
DLEYAFEIEA,HLA-A*0201,1
SLL-SGAASA,HLA-A*0201,1
MMIDWVVSLL,HLA-A*0201,1
GVLGFLSVKL,HLA-A*0201,1
RAFEGSALSV,HLA-A*0201,1
KIVAIDPPTL,HLA-A*0201,1
NLSQLGV-AV,HLA-A*0201,1
KLLGAVAFML,HLA-A*0201,1
ILESGTITGL,HLA-A*0201,1
YLLAAKILGV,HLA-A*0201,1
MLLSTVAPSV,HLA-A*0201,1
GLNDVSAEEE,HLA-A*0201,1
ELL-HAILGV,HLA-A*0201,1
MLLFVVMIDL,HLA-A*0201,1
PINFFILPEL,HLA-A*0201,1
SLFANLRPLV,HLA-A*0201,1
ELINGDAGEL,HLA-A*0201,1
FLIVTFVLFV,HLA-A*0201,1
ILNIMVFEFA,HLA-A*0201,1
LLAFMK-NVL,HLA-A*0201,1
SLIPKLINGV,HLA-A*0201,1
ALSAVTVQTV,HLA-A*0201,1
AISITETLPI,HLA-A*0201,1
KLNAPPLISV,HLA-A*0201,1
WLSAEFVGKL,HLA-A*0201,1
YILGGLMKFV,HLA-A*0201,1
FLEPVGSLIL,HLA-A*0201,1
SLLTIGLLSL,HLA-A*0201,1
SLNSVQRAAL,HLA-A*0201,1
QLVFLLTFRL,HLA-A*0201,1
FLLIEFVAPL,HLA-A*0201,1
FLAAEKLGAV,HLA-A*0201,1
YLMNRIAYTL,HLA-A*0201,1
KGEGEGGLIV,HLA-A*0201,1
ELSVGQFLDV,HLA-A*0201,1
QLLGNLVVFL,HLA-A*0201,1
LLVSILAENL,HLA-A*0201,1
ILIMAQDMDA,HLA-A*0201,1
FLLVESFGVV,HLA-A*0201,1
ILIATYA-QI,HLA-A*0201,1
FLAYGGPIAV,HLA-A*0201,1
KLQSRFLIIL,HLA-A*0201,1
YLLSYGTREA,HLA-A*0201,1
FLMEAKVEAV,HLA-A*0201,1
SPIVGKPTYV,HLA-A*0201,1
INIAMIFAPI,HLA-A*0201,1
MSMKI-LMPV,HLA-A*0201,1
FSIEGNNDVL,HLA-A*0201,1
MLVAPGGTAV,HLA-A*0201,1
-IIVQVAMVL,HLA-A*0201,1
SLAINAL-NL,HLA-A*0201,1
NLLVIVLNGV,HLA-A*0201,1
MP-TKDEIYL,HLA-A*0201,1
KLI--VLVED,HLA-A*0201,1
YIYPTISGSL,HLA-A*0201,1
YLIGMIFLEL,HLA-A*0201,1
TLILTGKRAV,HLA-A*0201,1
ELYVDGFVRV,HLA-A*0201,1
ELVEPVVTFV,HLA-A*0201,1
LMVDNLDPGV,HLA-A*0201,1
ELTPLAEAEV,HLA-A*0201,1
IDTTTKFTKL,HLA-A*0201,1
LLLFMGIKGL,HLA-A*0201,1
MLIAYNGPLE,HLA-A*0201,1
YGIPYTISGV,HLA-A*0201,1
DQIDDDKQVV,HLA-A*0201,1
IMLFGNFAQV,HLA-A*0201,1
FLLNIITSVL,HLA-A*0201,1
QLLGTLFAQV,HLA-A*0201,1
FFLPIIKEGV,HLA-A*0201,1
FLIQNMTTYI,HLA-A*0201,1
MGLYINPPQV,HLA-A*0201,1
NLLNFPATFL,HLA-A*0201,1
FLVIPPGMTV,HLA-A*0201,1
FLETFKP-LV,HLA-A*0201,1
RLGAETMFFL,HLA-A*0201,1
GLQPQKLEMV,HLA-A*0201,1
LLVVLSMAAL,HLA-A*0201,1
KLKIYISLAL,HLA-A*0201,1
SLIVAA--DV,HLA-A*0201,1
-LLFMTSLRL,HLA-A*0201,1
ALLGIIEAIL,HLA-A*0201,1
KIDLTFQLQV,HLA-A*0201,1
SMLVSALFEL,HLA-A*0201,1
ILAGAESDML,HLA-A*0201,1
RLLVLRALTV,HLA-A*0201,1
FLLDQLMAVL,HLA-A*0201,1
LLLLVEFIPV,HLA-A*0201,1
ILNF-LVFAV,HLA-A*0201,1
LLLQEEMALL,HLA-A*0201,1
FLLDM-TTNV,HLA-A*0201,1
FLLVLFGLSV,HLA-A*0201,1
KLMRLNVIRI,HLA-A*0201,1
QIVATFGVAV,HLA-A*0201,1
ILIIIGLEFL,HLA-A*0201,1
KLDFPAPLTL,HLA-A*0201,1
PLTGNLQAAL,HLA-A*0201,1
SYLVFFRTYL,HLA-A*0201,1
MLMNPAFFVI,HLA-A*0201,1
FLTADLIPLA,HLA-A*0201,1
CLAVVYVPFL,HLA-A*0201,1
KIF-ANTTDV,HLA-A*0201,1
GLAAQSTDGV,HLA-A*0201,1
ELEAGGPLEL,HLA-A*0201,1
NLLVVMLFAL,HLA-A*0201,1
QLTMIA-RLL,HLA-A*0201,1
ILIEVTPPGL,HLA-A*0201,1
ILEVAE-AAL,HLA-A*0201,1
GLSAAIKLNV,HLA-A*0201,1
FILAQDFIGV,HLA-A*0201,1
-IQYVSIAEV,HLA-A*0201,1
KILTAAVLTI,HLA-A*0201,1
-IISKYYGTV,HLA-A*0201,1
RLIF-LLLNV,HLA-A*0201,1
KLMVAAYSSL,HLA-A*0201,1
ELIVIPSTNV,HLA-A*0201,1
MLHDGTNGNV,HLA-A*0201,1
PLVSTPLPRL,HLA-A*0201,1
GLEEFIVNAV,HLA-A*0201,1
ALVIDDQPYV,HLA-A*0201,1
FMLRIIGIAV,HLA-A*0201,1
FPIQAVLGKI,HLA-A*0201,1
FLLFYIVFPV,HLA-A*0201,1
KLLPFMAPLL,HLA-A*0201,1
SLMPGPAEIV,HLA-A*0201,1
FLNIQGGGEV,HLA-A*0201,1
RLLDIAVLEV,HLA-A*0201,1
TLVEENVKTL,HLA-A*0201,1
KLLLGIGRVV,HLA-A*0201,1
YLLPYMEIGV,HLA-A*0201,1
RLFT-VLKEV,HLA-A*0201,1
NLVVLLSAIV,HLA-A*0201,1
KLAEMGGQVV,HLA-A*0201,1
KLAPMVHPDV,HLA-A*0201,1
ILFNAVKLIV,HLA-A*0201,1
LLIVTIG-LV,HLA-A*0201,1
MLPIRAQSEL,HLA-A*0201,1
FLA-G-DTEA,HLA-A*0201,1
MLAEINLIFL,HLA-A*0201,1
MMFTFLVVTL,HLA-A*0201,1
YLVPAQNAFV,HLA-A*0201,1
LLVNIIFIAV,HLA-A*0201,1
KLAMNREAAV,HLA-A*0201,1
FL-MFQVAGV,HLA-A*0201,1
DLVEAFVMSL,HLA-A*0201,1
YLLTASIITV,HLA-A*0201,1
ALWTSSAMEL,HLA-A*0201,1
FLV-LAPVSV,HLA-A*0201,1
FLKLITKAGV,HLA-A*0201,1
FG-LIYLKVI,HLA-A*0201,1
ALILIGRDTV,HLA-A*0201,1
FLALPAVVTP,HLA-A*0201,1
LLLVVIMGQV,HLA-A*0201,1
SLKFWSLNGV,HLA-A*0201,1
SLMFDFFLAV,HLA-A*0201,1
LLIVLVVGSV,HLA-A*0201,1
LLLGPIIVDL,HLA-A*0201,1
HGLELAYMAV,HLA-A*0201,1
ILVYQVQFIL,HLA-A*0201,1
NLLAALIDTL,HLA-A*0201,1
KLV-VAPPDM,HLA-A*0201,1
YLGNFMLEAV,HLA-A*0201,1
LLL-KNEVEL,HLA-A*0201,1
YVLIFGGAAV,HLA-A*0201,1
FLLEQASSGV,HLA-A*0201,1
FLDSILRSLV,HLA-A*0201,1
SKVPGASKTL,HLA-A*0201,1
QLTGVTMVML,HLA-A*0201,1
FLPFTNLKYV,HLA-A*0201,1
TLVAFSLTFV,HLA-A*0201,1
LLLFSTDV-L,HLA-A*0201,1
PLIPEMTIVV,HLA-A*0201,1
FLLTMKAIYV,HLA-A*0201,1
FLENGAEV-L,HLA-A*0201,1
MLLVPLTVVL,HLA-A*0201,1
FFLGTLVVLV,HLA-A*0201,1
M-GQTGFAML,HLA-A*0201,1
ALGRMMLFFV,HLA-A*0201,1
YLLLTGIFFL,HLA-A*0201,1
LLLEAFLAAL,HLA-A*0201,1
FLETSSRNRE,HLA-A*0201,1
FLGNEVLPAL,HLA-A*0201,1
RLSITFVTAV,HLA-A*0201,1
EL-YPFKASL,HLA-A*0201,1
SILVRMVD-V,HLA-A*0201,1
KLLPKIRLAV,HLA-A*0201,1
KLPAMIEQDA,HLA-A*0201,1
LSMTPALGIL,HLA-A*0201,1
ALIAPFVPFV,HLA-A*0201,1
SLLNKFEVIV,HLA-A*0201,1
LLITGFLAPL,HLA-A*0201,1
NKLVQIVVYL,HLA-A*0201,1
FILCELMGAI,HLA-A*0201,1
VL-F-MTVPV,HLA-A*0201,1
FLT-ITKIGL,HLA-A*0201,1
TLLFAANANL,HLA-A*0201,1
PLLAN-SMFI,HLA-A*0201,1
QLIGAIAITV,HLA-A*0201,1
AMSDALAITL,HLA-A*0201,1
FLIEGALALV,HLA-A*0201,1
LLELAANFVI,HLA-A*0201,1
FKAIAAAPLI,HLA-A*0201,1
MLMTAGNPRL,HLA-A*0201,1
ISLAMAIMTV,HLA-A*0201,1
ILFERKSLVV,HLA-A*0201,1
IMLPPLNFEL,HLA-A*0201,1
QLYVIDIFFV,HLA-A*0201,1
LLDESFEGTV,HLA-A*0201,1
IL-DLTAPPV,HLA-A*0201,1
SLGEGEALLL,HLA-A*0201,1
LLLGVAIIGV,HLA-A*0201,1
YLLSSIIYYV,HLA-A*0201,1
MPFIYYAIRL,HLA-A*0201,1
FLFLVNTFLV,HLA-A*0201,1
RLSSLLSFGV,HLA-A*0201,1
LL-VKIGLTL,HLA-A*0201,1
SLTPKV-KRV,HLA-A*0201,1
TSLVFIDQLV,HLA-A*0201,1
TLILKLVFSV,HLA-A*0201,1
FIMPSNFLKV,HLA-A*0201,1
KLAPDN-GQV,HLA-A*0201,1
FLAV-NVAGV,HLA-A*0201,1
EILNYLLPAV,HLA-A*0201,1
LIVIVLEPTV,HLA-A*0201,1
YLVAVFSPLV,HLA-A*0201,1
FLGGSPSITV,HLA-A*0201,1
TLLIVVTATV,HLA-A*0201,1
GLNPGAKFRI,HLA-A*0201,1
YLKVEAKPAP,HLA-A*0201,1
-KTVVIFFPV,HLA-A*0201,1
LLEFPSGKDA,HLA-A*0201,1
SILAFKTAFV,HLA-A*0201,1
IMVVKNVQLI,HLA-A*0201,1
YLQYARFLNI,HLA-A*0201,1
GLIS-PIAKI,HLA-A*0201,1
-LLANDEEFK,HLA-A*0201,1
MIIM-PMLML,HLA-A*0201,1
LLSIELLREV,HLA-A*0201,1
FLPDDAGLGL,HLA-A*0201,1
FLPGLFVDSV,HLA-A*0201,1
FLIFAVVSSL,HLA-A*0201,1
FLKIRIPRAL,HLA-A*0201,1
MLVGGILNNV,HLA-A*0201,1
MIALLTYEII,HLA-A*0201,1
FLVVSLIAYI,HLA-A*0201,1
CL-N-MLFMV,HLA-A*0201,1
MNVAAFIIAL,HLA-A*0201,1
YLYLPGVLEV,HLA-A*0201,1
NLLNLGGMVV,HLA-A*0201,1
PLIIVGAFTV,HLA-A*0201,1
MMTALVTTQV,HLA-A*0201,1
FLGVITYIYV,HLA-A*0201,1
-IDVNRLIFV,HLA-A*0201,1
GLQNPLFYGL,HLA-A*0201,1
FLIEYLSNLV,HLA-A*0201,1
FLLVTGSGEA,HLA-A*0201,1
KLVTMTASFL,HLA-A*0201,1
TLLIIFGKPL,HLA-A*0201,1
LLLQAMNPIL,HLA-A*0201,1
KLINTVEINI,HLA-A*0201,1
SLLV-PYVAV,HLA-A*0201,1
TLLPPGLLVV,HLA-A*0201,1
FLIF-GVVIV,HLA-A*0201,1
IISSFATTCV,HLA-A*0201,1
YLDTLKNPAI,HLA-A*0201,1
PITMFTVAPA,HLA-A*0201,1
QLQIPFLLLL,HLA-A*0201,1
FLLQDEK-AV,HLA-A*0201,1
DLKVEI-PKL,HLA-A*0201,1
DLLAYKIVMV,HLA-A*0201,1
YNYRIFIPVV,HLA-A*0201,1
CLVAFQILAV,HLA-A*0201,1
LLIDMIMIFV,HLA-A*0201,1
SMFFVTEIEN,HLA-A*0201,1
ALFFFMTTVL,HLA-A*0201,1
LMLAFLATVV,HLA-A*0201,1
FLPNVNAVAV,HLA-A*0201,1
YLLTI-GADA,HLA-A*0201,1
MLQSLVLPRM,HLA-A*0201,1
ALLENTFFRL,HLA-A*0201,1
FLLRTYTVTL,HLA-A*0201,1
KLMKISAGAI,HLA-A*0201,1
SLMNGLSFSL,HLA-A*0201,1
SLAIMSYEAV,HLA-A*0201,1
FLLRKALFEV,HLA-A*0201,1
FLNSAELSMY,HLA-A*0201,1
MLAM-NGILI,HLA-A*0201,1
LLEIPEAIAV,HLA-A*0201,1
FLASNDPI-V,HLA-A*0201,1
LLLSVVL-TI,HLA-A*0201,1
PLIITLTTTI,HLA-A*0201,1
YMLTYIEAGM,HLA-A*0201,1
ILVA-YTVEV,HLA-A*0201,1
SLLNGSVFSL,HLA-A*0201,1
GIGNLPGLML,HLA-A*0201,1
NLENALVGDV,HLA-A*0201,1
SLVTGRFEQV,HLA-A*0201,1
LLYGAFGEPV,HLA-A*0201,1
MLL-LFFKLL,HLA-A*0201,1
GLLAAFPLGV,HLA-A*0201,1
YVLTVPLIFL,HLA-A*0201,1
SLNNNLTVIV,HLA-A*0201,1
YLGVATMVAL,HLA-A*0201,1
ALQAILIGQI,HLA-A*0201,1
VLLIRGFLNV,HLA-A*0201,1
LIISDAVGLI,HLA-A*0201,1
SLLEPGIGGL,HLA-A*0201,1
ELLVAPAKV-,HLA-A*0201,1
QLTGAPNLAG,HLA-A*0201,1
YLTR-N-IRI,HLA-A*0201,1
FLYRSLLVEV,HLA-A*0201,1
SL-LRKVVEV,HLA-A*0201,1
AGVVNAFVIL,HLA-A*0201,1
FLLITL-VLV,HLA-A*0201,1
ANNAAAITAI,HLA-A*0201,1
LKETLRLPLV,HLA-A*0201,1
IVLAIVGNNL,HLA-A*0201,1
GILTSRIGLL,HLA-A*0201,1
ALMFVDD-SV,HLA-A*0201,1
MMLSSNIPMI,HLA-A*0201,1
QLIFHLMLIN,HLA-A*0201,1
AKCELVAAML,HLA-A*0201,1
ALLNFMANIV,HLA-A*0201,1
YLEL-AMMAV,HLA-A*0201,1
MLLFFSKAVV,HLA-A*0201,1
GVAEIGLFAV,HLA-A*0201,1
EMGNTPYLSV,HLA-A*0201,1
GLMQYGFKAV,HLA-A*0201,1
DLAPSFGIPV,HLA-A*0201,1
ELL-PN-LPV,HLA-A*0201,1
KLAIGSDASV,HLA-A*0201,1
ALVVDKLHTE,HLA-A*0201,1
KLLGETLALL,HLA-A*0201,1
QLNFAPPANV,HLA-A*0201,1
ILLPDGVSTV,HLA-A*0201,1
GLAGIRSMNV,HLA-A*0201,1
MLLRTAMEGV,HLA-A*0201,1
KLLAVTYSQL,HLA-A*0201,1
RILAQD-PRL,HLA-A*0201,1
NLIVYLFQGV,HLA-A*0201,1
ILDLT-FKVL,HLA-A*0201,1
MLLAEQIYIV,HLA-A*0201,1
HTAFFIKESI,HLA-A*0201,1
KLMPRMPAFI,HLA-A*0201,1
PIPGGDYNII,HLA-A*0201,1
SLNDGPMGFL,HLA-A*0201,1
ALLISIVDYV,HLA-A*0201,1
TLALGEFIAI,HLA-A*0201,1
FLILDMDT-L,HLA-A*0201,1
FLIMLFWKRV,HLA-A*0201,1
FLVYFILAFL,HLA-A*0201,1
YLYAFAVASL,HLA-A*0201,1
KLAVFLGNPM,HLA-A*0201,1
MLLVDSVGDL,HLA-A*0201,1
ILLIAIPQVV,HLA-A*0201,1
FKAEFKAINV,HLA-A*0201,1
RLYVNGIGYV,HLA-A*0201,1
LLLVSYAM-V,HLA-A*0201,1
SLGVVFIYPL,HLA-A*0201,1
MLQP-KERML,HLA-A*0201,1
MIAPANQYTL,HLA-A*0201,1
RLIAGEFGVV,HLA-A*0201,1
MLLIGGMNEI,HLA-A*0201,1
ALFNKLVPAV,HLA-A*0201,1
LLIAFELAEV,HLA-A*0201,1
VLITSIAMIL,HLA-A*0201,1
MLLDVFPEEL,HLA-A*0201,1
IFTVGIAAAV,HLA-A*0201,1
VLSGFSAVAI,HLA-A*0201,1
SPILGVINVV,HLA-A*0201,1
QLLNTEYQRV,HLA-A*0201,1
GLISLNESTI,HLA-A*0201,1
YIATAILGAL,HLA-A*0201,1
LVYAVGGRTV,HLA-A*0201,1
MIGQSMNQSV,HLA-A*0201,1
KLNPMGMSTI,HLA-A*0201,1
GLVDIGII-V,HLA-A*0201,1
SLIAEYTGAV,HLA-A*0201,1
LLLGEMAEGV,HLA-A*0201,1
MLVLDMLMFL,HLA-A*0201,1
MLVYKAENDV,HLA-A*0201,1
MLLNV-IGAL,HLA-A*0201,1
QLAFPIGFAV,HLA-A*0201,1
MLQPTVGTLV,HLA-A*0201,1
FLVE-IEFGQ,HLA-A*0201,1
FLINLAVGMV,HLA-A*0201,1
FLTNNLIPMG,HLA-A*0201,1
QLSGILSQNV,HLA-A*0201,1
NL-TLRATQV,HLA-A*0201,1
LIV-VFGI-L,HLA-A*0201,1
DMVSKVFIAV,HLA-A*0201,1
LLIFRIKMVV,HLA-A*0201,1
YLVGNLSATI,HLA-A*0201,1
SMGNAA-AAL,HLA-A*0201,1
ALITFILPAI,HLA-A*0201,1
FGLLI-FNTI,HLA-A*0201,1
QIDPKVIDFL,HLA-A*0201,1
SLTLFPNAFL,HLA-A*0201,1
KIIIP-INGV,HLA-A*0201,1
SLLPPDVKEI,HLA-A*0201,1
LLVPNGPGFV,HLA-A*0201,1
VKLTAY-KSV,HLA-A*0201,1
PLL-LAVATL,HLA-A*0201,1
KLG-GTNIAV,HLA-A*0201,1
LLM-NSNPLV,HLA-A*0201,1
ALTQPRFRLI,HLA-A*0201,1
LLDSEAFYTL,HLA-A*0201,1
FILASKALTL,HLA-A*0201,1
ALIAISAGSV,HLA-A*0201,1
FLEESLVIEL,HLA-A*0201,1
ELVVPQVFMV,HLA-A*0201,1
MLVPALVFSL,HLA-A*0201,1
IQLPVEMTTL,HLA-A*0201,1
ILAGLTAMGL,HLA-A*0201,1
GLVA-AAAAL,HLA-A*0201,1
FLLIGDNAPA,HLA-A*0201,1
AILAIVANNI,HLA-A*0201,1
-LAISIGYLV,HLA-A*0201,1
ALYAIMVLHL,HLA-A*0201,1
LLAQDVATNV,HLA-A*0201,1
AILE-NTGGL,HLA-A*0201,1
RPL-SIFELV,HLA-A*0201,1
-LI-VQTTVI,HLA-A*0201,1
YLG-ILIRFL,HLA-A*0201,1
ILLVFFVMRL,HLA-A*0201,1
QLITPALVVL,HLA-A*0201,1
FLLGNLDVGV,HLA-A*0201,1
FLFPGLYGLV,HLA-A*0201,1
ILLYEEMVTV,HLA-A*0201,1
ILISEASAEL,HLA-A*0201,1
LIFLGKATAV,HLA-A*0201,1
ILVASKMLAV,HLA-A*0201,1
LVLPERLVNL,HLA-A*0201,1
FLTNIPQNDL,HLA-A*0201,1
SSLVILVVVI,HLA-A*0201,1
YLLEN-LRAL,HLA-A*0201,1
YIRPPLPFEL,HLA-A*0201,1
KLFVSPVIGL,HLA-A*0201,1
TLLPVMGRLA,HLA-A*0201,1
ELFIAIIPPE,HLA-A*0201,1
SLLVPPRMTV,HLA-A*0201,1
MLVTYVGGSV,HLA-A*0201,1
FIEQNYLATV,HLA-A*0201,1
ALSNELTEMV,HLA-A*0201,1
ALVAGVRLGI,HLA-A*0201,1
FLINLG-VEL,HLA-A*0201,1
QLLTMVAFPV,HLA-A*0201,1
LLFDKDVNLV,HLA-A*0201,1
FLMSPILDSL,HLA-A*0201,1
EIVVSWYFAL,HLA-A*0201,1
HLVTDEPAFL,HLA-A*0201,1
GLFSFSVAAI,HLA-A*0201,1
FLTVGVPGFV,HLA-A*0201,1
ELYNFGQAFL,HLA-A*0201,1
ALVVTFVVAL,HLA-A*0201,1
RLITIVRNRA,HLA-A*0201,1
ALTPIPINIA,HLA-A*0201,1
SLVPDEVPVL,HLA-A*0201,1
YLLFSGKINL,HLA-A*0201,1
IIGQAYMNNV,HLA-A*0201,1
FLRIHFR-PV,HLA-A*0201,1
FLPFLGAAAD,HLA-A*0201,1
IVEAVGLADV,HLA-A*0201,1
AGANITAVGL,HLA-A*0201,1
YLIFKAGGVL,HLA-A*0201,1
LIAA-KTVLL,HLA-A*0201,1
FAKAPALLDT,HLA-A*0201,1
QLQGAAAEVA,HLA-A*0201,1
KLIYTQ-ANL,HLA-A*0201,1
YLGLLIIFYI,HLA-A*0201,1
ILA-VGSVFV,HLA-A*0201,1
FLLLPIILTL,HLA-A*0201,1
SLTEYIPPYV,HLA-A*0201,1
KLIAMNMSSV,HLA-A*0201,1
TITPMLPMTV,HLA-A*0201,1
-MLVLDVGTL,HLA-A*0201,1
AFKPLN-KNL,HLA-A*0201,1
GLSGDAFFAL,HLA-A*0201,1
LIPLIS-AEV,HLA-A*0201,1
YLIAVTLPGL,HLA-A*0201,1
WLIDDIDENA,HLA-A*0201,1
FAIKQAGTFL,HLA-A*0201,1
FIAKDSISFV,HLA-A*0201,1
RL-DDTLLVL,HLA-A*0201,1
YLTCTVNYTV,HLA-A*0201,1
-MPTGSSPSL,HLA-A*0201,1
TLTVSMSLSV,HLA-A*0201,1
KLIGIVHLLV,HLA-A*0201,1
QLFGTNLSAG,HLA-A*0201,1
SLVPQFLQAV,HLA-A*0201,1
IMLPVELAEV,HLA-A*0201,1
SLQHPEFEIV,HLA-A*0201,1
DLVT-PLAIV,HLA-A*0201,1
ILGSA-PEFV,HLA-A*0201,1
QLKRAENTFL,HLA-A*0201,1
MQGLHGILGL,HLA-A*0201,1
ILIGLAANLV,HLA-A*0201,1
SMTTMIVIVP,HLA-A*0201,1
VLLNVPNIGV,HLA-A*0201,1
SLLGVKTGAV,HLA-A*0201,1
FLFGLEFPNV,HLA-A*0201,1
AMLVGRGLSV,HLA-A*0201,1
SLVVTPGGGV,HLA-A*0201,1
HLLMSPNAKV,HLA-A*0201,1
ALADKQNITL,HLA-A*0201,1
MDEDFLECQL,HLA-A*0201,1
LLIPEITMTI,HLA-A*0201,1
KIL--PTLFV,HLA-A*0201,1
FMKALLIMVV,HLA-A*0201,1
RLLKAGMVFV,HLA-A*0201,1
MLLTATGMPV,HLA-A*0201,1
KLFKVPVTGL,HLA-A*0201,1
-MMLEMGAVV,HLA-A*0201,1
-LAANLA-EL,HLA-A*0201,1
SLSIFEAFLV,HLA-A*0201,1
FQPGNAFTLL,HLA-A*0201,1
ALVFFIVEGL,HLA-A*0201,1
MLKAALE--V,HLA-A*0201,1
KALAMLSFFV,HLA-A*0201,1
LLATTNLFGV,HLA-A*0201,1
LTLEF-AIDL,HLA-A*0201,1
NLADENLARL,HLA-A*0201,1
FLLTTAVLIL,HLA-A*0201,1
SIIIKELIAV,HLA-A*0201,1
FPAEYTVTEL,HLA-A*0201,1
SGVTFTYVSL,HLA-A*0201,1
TLPIPLDPVL,HLA-A*0201,1
QLFAPIALGV,HLA-A*0201,1
SLLGFIGVQL,HLA-A*0201,1
MLVAATASIV,HLA-A*0201,1
TKSTDNRLAV,HLA-A*0201,1
KLLLFAAGEV,HLA-A*0201,1
KLFVVIISLV,HLA-A*0201,1
GLEVAETIEV,HLA-A*0201,1
SLGTFMRTIA,HLA-A*0201,1
SMVVGLSNAV,HLA-A*0201,1
FLFSNIGVAV,HLA-A*0201,1
-LLYFIVFAL,HLA-A*0201,1
SLLAQIVLFL,HLA-A*0201,1
FLSSAAGLFI,HLA-A*0201,1
-LM--QSPSL,HLA-A*0201,1
DLLLARVFGV,HLA-A*0201,1
MLLIMGTIEA,HLA-A*0201,1
QTTFVEKTYV,HLA-A*0201,1
ILFK-ELVTV,HLA-A*0201,1
FLISPIAL-V,HLA-A*0201,1
KLTPVLMEAL,HLA-A*0201,1
TLGVMSAGGI,HLA-A*0201,1
ITNYQIKADV,HLA-A*0201,1
A-EPGF-VTV,HLA-A*0201,1
SLESQFFPFL,HLA-A*0201,1
QVLAPQTVIV,HLA-A*0201,1
VL--SIQETV,HLA-A*0201,1
FLVDYAIPLL,HLA-A*0201,1
MLVDFMPFTV,HLA-A*0201,1
NLVG-MIGSI,HLA-A*0201,1
MLVTITKKAL,HLA-A*0201,1
LVINIEKAVN,HLA-A*0201,1
ALYFVLRNAL,HLA-A*0201,1
LLILNGTVLR,HLA-A*0201,1
KFDPT-VRTL,HLA-A*0201,1
MLGKLYISFV,HLA-A*0201,1
YII-FPLDAI,HLA-A*0201,1
MLLFVSLFRV,HLA-A*0201,1
W-PQGVLFAV,HLA-A*0201,1
LLPPKFISAM,HLA-A*0201,1
ALEYKGLTAV,HLA-A*0201,1
ILVFRIPGEL,HLA-A*0201,1
SLVKSIDYFV,HLA-A*0201,1
FVFIMNEIGV,HLA-A*0201,1
MLEMCRRLNV,HLA-A*0201,1
ILANITKVVA,HLA-A*0201,1
PLVEA-IDTV,HLA-A*0201,1
ALILNVIDAV,HLA-A*0201,1
ILLDAAIKTV,HLA-A*0201,1
LIFEKEKEGL,HLA-A*0201,1
KAVGII-LGL,HLA-A*0201,1
LLTAQMQLAV,HLA-A*0201,1
SLAISEDMSV,HLA-A*0201,1
KLLIFGVLGA,HLA-A*0201,1
MLPGVFSFAV,HLA-A*0201,1
NLLMVSVMFV,HLA-A*0201,1
LIVGIVETPV,HLA-A*0201,1
LLETFPMENV,HLA-A*0201,1
YIIVF-TRNA,HLA-A*0201,1
SLVINTASDM,HLA-A*0201,1
ILLTFLVEIV,HLA-A*0201,1
ILVEVIS-EL,HLA-A*0201,1
LLVVEHPAPV,HLA-A*0201,1
SLVVQGTAAV,HLA-A*0201,1
ML-IFDLTLL,HLA-A*0201,1
QLVDLLGGEV,HLA-A*0201,1
FLYVAPAIMV,HLA-A*0201,1
RLQMILVPPV,HLA-A*0201,1
FLKAVDREIV,HLA-A*0201,1
LLDFPFFFAV,HLA-A*0201,1
PLFAGSNPLI,HLA-A*0201,1
MLLTGYNDSV,HLA-A*0201,1
NLKNYRKP-V,HLA-A*0201,1
LLLDY-GNLV,HLA-A*0201,1
KLLDAYAGGI,HLA-A*0201,1
YLALMPLGIV,HLA-A*0201,1
GLLFIPSGQV,HLA-A*0201,1
HLPGYLNEKL,HLA-A*0201,1
NLEAAFLATV,HLA-A*0201,1
KLARSSMEEL,HLA-A*0201,1
KLIYTVLAAE,HLA-A*0201,1
FGVDSNRGAV,HLA-A*0201,1
QTMEAIPLVA,HLA-A*0201,1
SLDFVEIAVV,HLA-A*0201,1
SLVNALLAYL,HLA-A*0201,1
NLV-LSMLSV,HLA-A*0201,1
ALAFFIPPVI,HLA-A*0201,1
-ILVVMLGSA,HLA-A*0201,1
MLIKIQKSLV,HLA-A*0201,1
KFTLNPKLVL,HLA-A*0201,1
YLIGRLIQVE,HLA-A*0201,1
LLLVATLEFL,HLA-A*0201,1
DLIENETI-L,HLA-A*0201,1
MLLATMEPNA,HLA-A*0201,1
GLLFF-IVLV,HLA-A*0201,1
KLTDTSIVDV,HLA-A*0201,1
YLLLSSLPAA,HLA-A*0201,1
ILLLT-GNQL,HLA-A*0201,1
ALIN-TIGPA,HLA-A*0201,1
MIPIYYPEYL,HLA-A*0201,1
CIIAAIVAKA,HLA-A*0201,1
FLINYDFFVV,HLA-A*0201,1
KLTIASLGVV,HLA-A*0201,1
ILDRFMTILV,HLA-A*0201,1
FLFVSENENV,HLA-A*0201,1
ILQSGVVLLV,HLA-A*0201,1
MIIALSAMYE,HLA-A*0201,1
ILAFKGEAGA,HLA-A*0201,1
FLLFKAGYTL,HLA-A*0201,1
MLQVIAVPVV,HLA-A*0201,1
ALIILALEPV,HLA-A*0201,1
FLTPSAVVIV,HLA-A*0201,1
LLPE-AGFAL,HLA-A*0201,1
PLMAGYRMML,HLA-A*0201,1
YIIEGFVILI,HLA-A*0201,1
SLLVTIGLDV,HLA-A*0201,1
YKPRV-LVAV,HLA-A*0201,1
LLAVGKQLIL,HLA-A*0201,1
NLAEHGTEVV,HLA-A*0201,1
LLEDTIFGLL,HLA-A*0201,1
TLTTDGFYPV,HLA-A*0201,1
FLTLKSGLIV,HLA-A*0201,1
ALFNVDLTAL,HLA-A*0201,1
HSVYAGIFQI,HLA-A*0201,1
GEYATDLGAL,HLA-A*0201,1
FILGLPGFAV,HLA-A*0201,1
LAETNDVSAV,HLA-A*0201,1
TLSGPQVTLV,HLA-A*0201,1
TLVPPELIGL,HLA-A*0201,1
SNDKFGLIAV,HLA-A*0201,1
LLTDGAAFQL,HLA-A*0201,1
LVQGSNLTPI,HLA-A*0201,1
KAAVTIIIGA,HLA-A*0201,1
FLQSQDSSLL,HLA-A*0201,1
QMPGLNGGDV,HLA-A*0201,1
SMRLAISFWL,HLA-A*0201,1
FLVYAMTSML,HLA-A*0201,1
II-TGGPTEA,HLA-A*0201,1
VLLRRWSIMV,HLA-A*0201,1
SLFRMTIPLL,HLA-A*0201,1
TLGFLVNRTV,HLA-A*0201,1
NLIPYFIVG-,HLA-A*0201,1
-LIEFHAFQD,HLA-A*0201,1
QMVMMMGYIV,HLA-A*0201,1
LLEAF-VILV,HLA-A*0201,1
RLIPIRSNEV,HLA-A*0201,1
ELSVVMTLEL,HLA-A*0201,1
KITFALLTTL,HLA-A*0201,1
LIYVAHLANI,HLA-A*0201,1
FMVVGIAFTP,HLA-A*0201,1
MLPSVEL-LV,HLA-A*0201,1
MLTVITT-GV,HLA-A*0201,1
RIGPVLVAFI,HLA-A*0201,1
FLLGVNAFSI,HLA-A*0201,1
FLLPIVVAQV,HLA-A*0201,1
MLIPMTVTKV,HLA-A*0201,1
SMLGTTIQPL,HLA-A*0201,1
FLDVNGIVT-,HLA-A*0201,1
KLAAPVPLFV,HLA-A*0201,1
PLNFPMEVLV,HLA-A*0201,1
FLAP-MMIPV,HLA-A*0201,1
FLLA--FN-L,HLA-A*0201,1
NTIVRGIPIV,HLA-A*0201,1
ILLGAYNTVL,HLA-A*0201,1
ILMVAVLGLI,HLA-A*0201,1
AWGSLSTTNV,HLA-A*0201,1
TALVMNVTGV,HLA-A*0201,1
SLFADGANVL,HLA-A*0201,1
MILPINLNTV,HLA-A*0201,1
RAIINGVLEV,HLA-A*0201,1
GLILVK-MPL,HLA-A*0201,1
GLEQQFANFA,HLA-A*0201,1
ELIASQAVLV,HLA-A*0201,1
FLNT-AVQYF,HLA-A*0201,1
FLYGDMNVGV,HLA-A*0201,1
NL-FFIETLL,HLA-A*0201,1
ILLSLAAEGA,HLA-A*0201,1
FMPEYTQRFV,HLA-A*0201,1
SIVEFISFIV,HLA-A*0201,1
AGNDLFEQFG,HLA-A*0201,1
KQNEGSVATV,HLA-A*0201,1
MLIPMEIHEL,HLA-A*0201,1
KILVTSLIEV,HLA-A*0201,1
YL-GMFIAFL,HLA-A*0201,1
-LVINFSLTI,HLA-A*0201,1
LLRFVLLFTV,HLA-A*0201,1
ILSGILILWL,HLA-A*0201,1
KIYIDPLCVV,HLA-A*0201,1
SLILSVLPLL,HLA-A*0201,1
FLIGYLFTRL,HLA-A*0201,1
QLTSPLLAVV,HLA-A*0201,1
FLTVTGSINV,HLA-A*0201,1
SLPEEAYILL,HLA-A*0201,1
RLGTEAEMEV,HLA-A*0201,1
SLTG-LAATV,HLA-A*0201,1
IL-MDAYAVV,HLA-A*0201,1
SLLFIIKSAV,HLA-A*0201,1
EL-PENVKVV,HLA-A*0201,1
LLFDQGVYRL,HLA-A*0201,1
FLEYFTLETV,HLA-A*0201,1
KLLFAIFGLV,HLA-A*0201,1
FLATIKFAVV,HLA-A*0201,1
KLLFDQIVNL,HLA-A*0201,1
FLALIGAPAL,HLA-A*0201,1
KLVMIRGFAL,HLA-A*0201,1
MLLGALPLEE,HLA-A*0201,1
KLPSSFEDVV,HLA-A*0201,1
IAM-EIITTI,HLA-A*0201,1
ELLNAPDYSV,HLA-A*0201,1
-DLEPDIFTL,HLA-A*0201,1
MITANILAAV,HLA-A*0201,1
ALLPAFYDVL,HLA-A*0201,1
FLTATPTTFL,HLA-A*0201,1
FIFVQLDMVV,HLA-A*0201,1
GLLAPNMLTV,HLA-A*0201,1
GVPGAVP-TI,HLA-A*0201,1
FLYDLIFENL,HLA-A*0201,1
QLITYLYEDL,HLA-A*0201,1
FLVVKEVTGM,HLA-A*0201,1
LMKEVNVVMV,HLA-A*0201,1
TLILAVIYFI,HLA-A*0201,1
NTASSVSTPV,HLA-A*0201,1
LLTSFTPLAI,HLA-A*0201,1
YLN--GWSTL,HLA-A*0201,1
YMILSEFTVT,HLA-A*0201,1
FLLASTAIAL,HLA-A*0201,1
FLLVTPEIEL,HLA-A*0201,1
ELFNLSMTYI,HLA-A*0201,1
TLIAPMVNLL,HLA-A*0201,1
SLQVSSEAAV,HLA-A*0201,1
LIMANMLFVA,HLA-A*0201,1
-HPPAMIVLV,HLA-A*0201,1
FL-SEPAFAH,HLA-A*0201,1
GLGFGFMTLL,HLA-A*0201,1
RLL-NLIRQV,HLA-A*0201,1
GLLIMTFFYV,HLA-A*0201,1
VLGTASAELV,HLA-A*0201,1
SLAIKQNTFV,HLA-A*0201,1
GMIT-SFSAL,HLA-A*0201,1
MLNAFIAANV,HLA-A*0201,1
LMLAA-VTLL,HLA-A*0201,1
FLLAYLVEAP,HLA-A*0201,1
ALMSDDPENL,HLA-A*0201,1
FLLTGVKATQ,HLA-A*0201,1
SLGRENKGLV,HLA-A*0201,1
MLALNVEGFI,HLA-A*0201,1
KLL-GLFAPV,HLA-A*0201,1
TLIEIFMNTV,HLA-A*0201,1
IKLISDMGGA,HLA-A*0201,1
KLLAAGAIKV,HLA-A*0201,1
ALIEDKPRPV,HLA-A*0201,1
LINIYVFFEL,HLA-A*0201,1
FLG-LIEAEM,HLA-A*0201,1
ILLSAYKVYV,HLA-A*0201,1
LLLQWAL-IM,HLA-A*0201,1
SLLPEGEALL,HLA-A*0201,1
ELLVVIIGTL,HLA-A*0201,1
LLGFTGPLFD,HLA-A*0201,1
KLLATNATRV,HLA-A*0201,1
PAIPNQIIRV,HLA-A*0201,1
KLLVAFFMYV,HLA-A*0201,1
GLLNEFGYTA,HLA-A*0201,1
YLLSTAILEV,HLA-A*0201,1
E-LGEPFMYL,HLA-A*0201,1
ILLKRGVLYV,HLA-A*0201,1
LLTTFTFSLI,HLA-A*0201,1
KTLT-TLFNV,HLA-A*0201,1
ILKVMDIPFL,HLA-A*0201,1
LLITPPLITI,HLA-A*0201,1
QLLGTLRVLL,HLA-A*0201,1
YLRGVGTTDV,HLA-A*0201,1
FF-FQTERQF,HLA-A*0201,1
FLLAAFTLLV,HLA-A*0201,1
DLGVPFSFNV,HLA-A*0201,1
ILIPRYTTFA,HLA-A*0201,1
SLLAEVIFVV,HLA-A*0201,1
MVGFGIVIGV,HLA-A*0201,1
ALIL-VGSEV,HLA-A*0201,1
FVGATFLNGV,HLA-A*0201,1
QLISNTLNGG,HLA-A*0201,1
ILDLGLTAQV,HLA-A*0201,1
FLLGELRGFV,HLA-A*0201,1
YLDRSL-I-V,HLA-A*0201,1
ILLLTTKASR,HLA-A*0201,1
FLYARLSLHV,HLA-A*0201,1
SLPVAITKLV,HLA-A*0201,1
SVAVKLG-SM,HLA-A*0201,1
PVPFSSAFFV,HLA-A*0201,1
MRLEYFVGPL,HLA-A*0201,1
FLFADTNLAV,HLA-A*0201,1
YLGDRIVV-L,HLA-A*0201,1
-LGGASGAIV,HLA-A*0201,1
MLVAGMYIAV,HLA-A*0201,1
PLLIGLAPAV,HLA-A*0201,1
-LLVGEAL-I,HLA-A*0201,1
SLIGL-MEKL,HLA-A*0201,1
GLAEPKKLNV,HLA-A*0201,1
RQA-LVFATA,HLA-A*0201,1
GLE-NFGATL,HLA-A*0201,1
ELASFAIPGV,HLA-A*0201,1
SLVPYGRFRV,HLA-A*0201,1
KLDIINIIVL,HLA-A*0201,1
ALAFFDIYDL,HLA-A*0201,1
FILEQASLLV,HLA-A*0201,1
KLFIASTSAV,HLA-A*0201,1
FIEL-AYLGL,HLA-A*0201,1
PLVELLAVSL,HLA-A*0201,1
NLVVVINNEV,HLA-A*0201,1
KLVQNFNGAV,HLA-A*0201,1
-LLGTIFIGI,HLA-A*0201,1
FLLSTMETGL,HLA-A*0201,1
-LRGSVLTTV,HLA-A*0201,1
SQDPGNPSPL,HLA-A*0201,1
AIYVVISNAV,HLA-A*0201,1
SLIVQASIPI,HLA-A*0201,1
SMVFFITGIV,HLA-A*0201,1
MLIY-D-VSV,HLA-A*0201,1
TLLLGEGLKL,HLA-A*0201,1
FLVGLLFSRI,HLA-A*0201,1
GLLGAAIILI,HLA-A*0201,1
FLEMPALLNV,HLA-A*0201,1
ALVLAI-SVV,HLA-A*0201,1
LLLP-VA-LV,HLA-A*0201,1
LIAGQLVYFL,HLA-A*0201,1
HDEMNVIIPL,HLA-A*0201,1
LLVQR-VLTL,HLA-A*0201,1
KLFNFVPALI,HLA-A*0201,1
FILLGGFVEV,HLA-A*0201,1
ILLLYGELGV,HLA-A*0201,1
SLVTGTFFVV,HLA-A*0201,1
YLSGPAALVV,HLA-A*0201,1
SINAHGIVVV,HLA-A*0201,1
FLIFAKFDLL,HLA-A*0201,1
KLFVAIGERL,HLA-A*0201,1
ILIAGPIFGI,HLA-A*0201,1
FLVGPVFALL,HLA-A*0201,1
FLLPFLLTEV,HLA-A*0201,1
HSESGPLTTL,HLA-A*0201,1
FLTKPLYLAL,HLA-A*0201,1
MMSNEPVVTF,HLA-A*0201,1
QLPIQESSMV,HLA-A*0201,1
SLM-GLAGGI,HLA-A*0201,1
LAPDLTHPDL,HLA-A*0201,1
IIVEIEFVFL,HLA-A*0201,1
SNIKIPVTML,HLA-A*0201,1
NQVGPVIVAL,HLA-A*0201,1
KVHVSYIIVL,HLA-A*0201,1
LILGENNPYV,HLA-A*0201,1
QLVADKNLAL,HLA-A*0201,1
SLNPIYLSTL,HLA-A*0201,1
FLLAPLLLLV,HLA-A*0201,1
MAMIIRFAMV,HLA-A*0201,1
MLIILSTSIV,HLA-A*0201,1
KLYFALFYYL,HLA-A*0201,1
KLLRT-IVAL,HLA-A*0201,1
FILNPVIFEL,HLA-A*0201,1
LLQLGQVFML,HLA-A*0201,1
AIDTPLDLGL,HLA-A*0201,1
KLLTKIVLAI,HLA-A*0201,1
FMFIGMMIL-,HLA-A*0201,1
MLLKGSVQSV,HLA-A*0201,1
AVLNSNATYM,HLA-A*0201,1
LLSEIQLSEV,HLA-A*0201,1
MLLDFIPGMV,HLA-A*0201,1
FLTGG-DDLL,HLA-A*0201,1
MLGDFNMITL,HLA-A*0201,1
ALLVEIKILV,HLA-A*0201,1
QLIEAELVIL,HLA-A*0201,1
LSMFLFGLQV,HLA-A*0201,1
KLPCRIVGEV,HLA-A*0201,1
YLAVEGTSGL,HLA-A*0201,1
FLLQQVIFYI,HLA-A*0201,1
PLGYLHVKDA,HLA-A*0201,1
KLLKGESGTV,HLA-A*0201,1
SDVIGNGFLV,HLA-A*0201,1
SLEVLIA-DV,HLA-A*0201,1
NLE-DSAATL,HLA-A*0201,1
IIVM-TLFMV,HLA-A*0201,1
YLIFLEINTL,HLA-A*0201,1
YLDFKFIVVV,HLA-A*0201,1
KIFAAEYIGV,HLA-A*0201,1
GLVVIVAMLL,HLA-A*0201,1
SIRVIEN-PV,HLA-A*0201,1
FNLHNEFLYV,HLA-A*0201,1
SLTFNLIDIV,HLA-A*0201,1
DLEGTLVAGL,HLA-A*0201,1
FFSFLTILVV,HLA-A*0201,1
YLLFQALVTV,HLA-A*0201,1
NLIKYFLRAL,HLA-A*0201,1
QLSMEFLLAW,HLA-A*0201,1
KSLSVFNLTL,HLA-A*0201,1
FILIIFSINM,HLA-A*0201,1
KLAVYVLLAL,HLA-A*0201,1
MLLAGLTPAV,HLA-A*0201,1
FLITSYILQL,HLA-A*0201,1
PLMAVSLMPI,HLA-A*0201,1
FIAIGGALPV,HLA-A*0201,1
LLLISETAAV,HLA-A*0201,1
LLSNVAAGAL,HLA-A*0201,1
SLN-HLRNGV,HLA-A*0201,1
KIFIFMLVAV,HLA-A*0201,1
WMTPKAFSML,HLA-A*0201,1
SLLSVAAGIV,HLA-A*0201,1
ELPNGALLGV,HLA-A*0201,1
NLLSVGLPYV,HLA-A*0201,1
ILFALLMLTV,HLA-A*0201,1
FLLDFDTRNN,HLA-A*0201,1
GLYLFNSIGA,HLA-A*0201,1
KMNDVLIL-V,HLA-A*0201,1
KLLGFEVPSI,HLA-A*0201,1
NLASS-QGFL,HLA-A*0201,1
YLLAVQLLYV,HLA-A*0201,1
