peptide,HLA,immunogenicity
QTIDNIVFL,HLA-A*0201,0
LLSIVPCTV,HLA-A*0201,0
IIGAGPAEV,HLA-A*0201,0
LLSIIFFPA,HLA-A*0201,0
FVSALCMFL,HLA-A*0201,0
YISKCWDYA,HLA-A*0201,0
CLFPQTLAA,HLA-A*0201,0
QLDKCSAFV,HLA-A*0201,0
AVIDAYTEI,HLA-A*0201,0
VLLRALPVL,HLA-A*0201,0
KLANPLPYT,HLA-A*0201,0
IMAHCILDL,HLA-A*0201,0
KMIGNHLWV ,HLA-A*0201,1
AMFWSVPTV,HLA-A*0201,1
CLNEYHLFL ,HLA-A*0201,1
KLMNIQQKL ,HLA-A*0201,1
QLSCISTYV ,HLA-A*0201,1
FLYNLLTRV ,HLA-A*0201,1
IILVAVPHV ,HLA-A*0201,1
HLYASLSRV,HLA-A*0201,1
MLGEQLFPL ,HLA-A*0201,1